# , AA , MCP , RASA , RLA , RSA
1, M ,0.044782,0.7085,0.0007,0.7078
2, E ,0.000637,0.6773,0.0002,0.6772
3, D ,0.000592,0.6461,0.0001,0.646
4, L ,0.222942,0.3778,0.0001,0.3777
5, N ,0.001888,0.5602,0.0002,0.56
6, V ,0.512418,0.2654,0,0.2653
7, V ,0.134767,0.3795,0.0005,0.379
8, D ,0.000408,0.5711,0.0001,0.5709
9, S ,0.263246,0.4325,0.0001,0.4324
10, I ,0.573135,0.3036,0.054,0.2495
11, N ,0.002038,0.6219,0.0003,0.6216
12, G ,0.011114,0.526,0.0002,0.5258
13, A ,0.509669,0.4018,0.0271,0.3747
14, G ,0.353462,0.3921,0.0018,0.3903
15, S ,0.000969,0.4672,0.0002,0.467
16, W ,0.641756,0.4514,0.2714,0.18
17, L ,0.883068,0.3441,0.1856,0.1585
18, V ,0.209061,0.4749,0.0156,0.4593
19, A ,0.000503,0.5653,0.0002,0.5651
20, N ,0.500328,0.3985,0.1645,0.234
21, Q ,0.420768,0.5023,0.1957,0.3066
22, A ,0.000983,0.549,0.0002,0.5488
23, L ,0.447581,0.3598,0.0349,0.3248
24, L ,0.982812,0.4118,0.3254,0.0864
25, L ,0.804827,0.4873,0.3692,0.1181
26, S ,0.067372,0.4772,0.0267,0.4506
27, Y ,0.927887,0.41,0.2129,0.1971
28, A ,0.980506,0.4606,0.3991,0.0615
29, V ,0.88469,0.4667,0.3841,0.0826
30, N ,0.146133,0.4045,0.0521,0.3523
31, I ,0.988629,0.3686,0.2982,0.0704
32, V ,0.990423,0.4594,0.4346,0.0248
33, A ,0.738786,0.3439,0.2132,0.1307
34, A ,0.373663,0.1425,0.0519,0.0906
35, L ,0.990482,0.4298,0.3992,0.0306
36, A ,0.988401,0.4109,0.3394,0.0715
37, I ,0.72107,0.277,0.2161,0.0609
38, I ,0.956858,0.2165,0.1295,0.087
39, I ,0.989387,0.4509,0.4242,0.0267
40, V ,0.990175,0.4511,0.4317,0.0194
41, G ,0.508694,0.1406,0.0608,0.0797
42, L ,0.925097,0.3333,0.2012,0.1321
43, I ,0.977431,0.465,0.4257,0.0393
44, I ,0.990053,0.4166,0.3839,0.0326
45, A ,0.313716,0.0948,0.029,0.0658
46, R ,0.14765,0.4281,0.046,0.3821
47, M ,0.91225,0.4762,0.3964,0.0798
48, I ,0.989491,0.3834,0.3376,0.0457
49, S ,0.057154,0.1532,0.0105,0.1427
50, N ,0.047357,0.4071,0.0238,0.3833
51, A ,0.832967,0.4915,0.3508,0.1406
52, V ,0.948939,0.3175,0.2248,0.0927
53, N ,0.000379,0.3534,0,0.3534
54, R ,0.026283,0.4725,0.0094,0.4631
55, L ,0.8879,0.4808,0.366,0.1149
56, M ,0.494637,0.197,0.0808,0.1163
57, I ,0.000658,0.4392,0.0002,0.4391
58, S ,0.018297,0.6685,0.0025,0.666
59, R ,0.244248,0.6628,0.0968,0.5661
60, K ,0.000589,0.6725,0.0004,0.6721
61, I ,0.447259,0.3103,0.1132,0.1971
62, D ,0.000218,0.466,0.0001,0.4658
63, A ,0.000299,0.5192,0.0001,0.5191
64, T ,0.001569,0.449,0.0443,0.4047
65, V ,0.521671,0.394,0.2393,0.1546
66, A ,0.001117,0.1507,0.0009,0.1498
67, D ,0.000508,0.459,0.0001,0.4589
68, F ,0.714046,0.4671,0.4046,0.0625
69, L ,0.981584,0.4446,0.4144,0.0301
70, S ,0.08335,0.1857,0.0179,0.1678
71, A ,0.029599,0.1864,0.0107,0.1756
72, L ,0.987331,0.4596,0.4481,0.0115
73, V ,0.9801,0.393,0.3511,0.0419
74, R ,0.167498,0.2874,0.0047,0.2827
75, Y ,0.967515,0.3509,0.2482,0.1027
76, G ,0.977302,0.4424,0.3959,0.0465
77, I ,0.893052,0.2816,0.2047,0.0769
78, I ,0.84325,0.2243,0.1328,0.0915
79, A ,0.927068,0.2039,0.1046,0.0993
80, F ,0.974219,0.4483,0.413,0.0353
81, T ,0.513865,0.2133,0.1217,0.0917
82, L ,0.98446,0.3228,0.2721,0.0507
83, I ,0.809081,0.2208,0.1237,0.0971
84, A ,0.203562,0.2741,0.063,0.2111
85, A ,0.33307,0.121,0.0449,0.0762
86, L ,0.857747,0.2993,0.2112,0.0881
87, G ,0.001597,0.3468,0.0001,0.3467
88, R ,0.000521,0.4528,0.0002,0.4526
89, V ,0.476977,0.3571,0.1443,0.2129
90, G ,0.027864,0.4196,0.0013,0.4182
91, V ,0.466778,0.1224,0.0003,0.1222
92, Q ,0.00056,0.4391,0.0001,0.439
93, T ,0.063346,0.0987,0.0019,0.0968
94, A ,0.00113,0.3089,0,0.3089
95, S ,0.117297,0.2195,0.0141,0.2054
96, V ,0.525445,0.1728,0.0663,0.1065
97, I ,0.474888,0.1053,0.0309,0.0744
98, A ,0.065323,0.3052,0.0827,0.2225
99, V ,0.456496,0.1862,0.0837,0.1025
100, L ,0.641121,0.214,0.1121,0.1019
101, G ,0.202813,0.1742,0.0178,0.1564
102, A ,0.01655,0.2709,0.0781,0.1928
103, A ,0.492155,0.2145,0.0775,0.137
104, G ,0.301931,0.1731,0.0059,0.1672
105, L ,0.130591,0.2033,0.0864,0.1169
106, A ,0.010641,0.2237,0.0294,0.1943
107, V ,0.828756,0.2549,0.1054,0.1495
108, G ,0.112484,0.12,0.0009,0.1191
109, L ,0.000843,0.1978,0.0215,0.1763
110, A ,0.000001,0.2117,0.0004,0.2113
111, L ,0.474946,0.2273,0.0992,0.1281
112, Q ,0.000437,0.2871,0.0011,0.286
113, G ,0.000194,0.461,0,0.461
114, S ,0.000004,0.1759,0.0098,0.1661
115, L ,0.452943,0.2578,0.1181,0.1397
116, S ,0.000013,0.2877,0,0.2877
117, N ,0,0.2325,0,0.2325
118, L ,0.565486,0.2709,0.1362,0.1347
119, A ,0.227213,0.1689,0.0361,0.1328
120, A ,0.000001,0.1049,0,0.1049
121, G ,0.000492,0.0446,0.0001,0.0444
122, V ,0.843033,0.365,0.2433,0.1217
123, L ,0.390468,0.1747,0.0591,0.1156
124, L ,0,0.0353,0.0001,0.0352
125, V ,0.231728,0.1189,0.0167,0.1022
126, M ,0.785831,0.3619,0.2237,0.1382
127, F ,0.090307,0.2727,0.0896,0.1831
128, R ,0.000006,0.302,0,0.302
129, P ,0.005348,0.169,0.0003,0.1687
130, F ,0.000021,0.0043,0,0.0043
131, R ,0.000012,0.3795,0,0.3795
132, A ,0.000001,0.2862,0,0.2862
133, G ,0.000133,0.3279,0,0.3279
134, E ,0,0.252,0,0.252
135, Y ,0.000007,0.288,0,0.288
136, V ,0,0.0021,0,0.0021
137, D ,0.000006,0.2707,0,0.2707
138, L ,0,0.0043,0,0.0043
139, G ,0.000234,0.2431,0,0.2431
140, G ,0.000387,0.5073,0.0001,0.5072
141, V ,0.000002,0.1488,0,0.1488
142, A ,0.000003,0.2487,0,0.2487
143, G ,0,0.0063,0,0.0063
144, T ,0.000013,0.2501,0,0.2501
145, V ,0,0.0033,0,0.0033
146, L ,0.000017,0.274,0,0.274
147, S ,0.000002,0.2527,0,0.2527
148, V ,0.000001,0.0495,0,0.0495
149, Q ,0.000011,0.2231,0,0.2231
150, I ,0.029171,0.1731,0,0.1731
151, F ,0.18242,0.1221,0.0002,0.1219
152, S ,0.000001,0.0796,0,0.0796
153, T ,0,0.0027,0,0.0027
154, T ,0.000001,0.1365,0,0.1365
155, M ,0,0.0017,0,0.0017
156, R ,0.000005,0.2523,0,0.2523
157, T ,0,0.0384,0,0.0384
158, A ,0.000059,0.3553,0,0.3553
159, D ,0.000088,0.5462,0.0001,0.5461
160, G ,0.000007,0.4262,0,0.4262
161, K ,0.000001,0.4353,0,0.4353
162, I ,0.000002,0.256,0,0.256
163, I ,0,0.0045,0,0.0045
164, V ,0.000002,0.2227,0,0.2227
165, I ,0,0.0033,0,0.0033
166, P ,0.000004,0.1658,0,0.1658
167, N ,0,0.0286,0,0.0286
168, G ,0.000002,0.2827,0,0.2827
169, K ,0.000247,0.3395,0,0.3395
170, I ,0,0.0036,0,0.0036
171, I ,0.000002,0.159,0,0.159
172, A ,0.000179,0.5177,0.0001,0.5177
173, G ,0.000005,0.3869,0,0.3869
174, N ,0.000023,0.3688,0,0.3688
175, I ,0,0.0223,0,0.0223
176, I ,0.000003,0.1462,0,0.1462
177, N ,0,0.0765,0,0.0765
178, F ,0.000002,0.1299,0,0.1299
179, S ,0.000001,0.1648,0,0.1648
180, R ,0.000081,0.4356,0,0.4356
181, E ,0.000009,0.4644,0,0.4644
182, P ,0.000231,0.4684,0.0001,0.4683
183, V ,0.000002,0.2761,0,0.2761
184, R ,0,0.1447,0,0.1447
185, R ,0,0.238,0,0.238
186, N ,0,0.0512,0,0.0512
187, E ,0.000001,0.132,0,0.132
188, F ,0,0.0023,0,0.0023
189, I ,0.000006,0.1199,0,0.1199
190, I ,0,0.0012,0,0.0012
191, G ,0.000001,0.0386,0,0.0386
192, V ,0,0.0016,0,0.0016
193, A ,0.000001,0.1172,0,0.1172
194, Y ,0.000018,0.1744,0,0.1744
195, D ,0.000336,0.5662,0.0001,0.5661
196, S ,0.000001,0.1035,0,0.1035
197, D ,0.000126,0.4725,0,0.4725
198, I ,0,0.168,0,0.168
199, D ,0.00025,0.577,0.0001,0.5769
200, Q ,0.000222,0.4416,0,0.4415
201, V ,0,0.0015,0,0.0015
202, K ,0.000001,0.2872,0,0.2872
203, Q ,0.000381,0.6191,0.0002,0.619
204, I ,0.000009,0.1109,0,0.1109
205, L ,0,0.0013,0,0.0013
206, T ,0.000005,0.3262,0,0.3262
207, N ,0.000438,0.5289,0.0002,0.5288
208, I ,0.000001,0.0082,0,0.0082
209, I ,0,0.0048,0,0.0048
210, Q ,0.000304,0.5425,0.0001,0.5424
211, S ,0.000277,0.6545,0.0001,0.6544
212, E ,0.000001,0.0947,0,0.0947
213, D ,0.000508,0.7535,0.0003,0.7533
214, R ,0.000139,0.3533,0,0.3532
215, I ,0,0.0097,0,0.0097
216, L ,0.000007,0.2682,0,0.2682
217, K ,0.000263,0.5662,0.0001,0.5661
218, D ,0.000217,0.5782,0.0001,0.5781
219, R ,0.000029,0.3173,0,0.3173
220, E ,0.000239,0.4299,0,0.4299
221, M ,0.000002,0.1584,0,0.1584
222, T ,0.000005,0.2756,0,0.2756
223, V ,0,0.0364,0,0.0364
224, R ,0.000001,0.3509,0,0.3509
225, L ,0,0.1416,0,0.1416
226, N ,0.000008,0.3785,0,0.3784
227, E ,0.000024,0.387,0,0.387
228, L ,0,0.1374,0,0.1374
229, G ,0.000001,0.2626,0,0.2626
230, A ,0.000214,0.5619,0.0001,0.5618
231, S ,0.000001,0.2525,0,0.2525
232, S ,0,0.0284,0,0.0284
233, I ,0,0.0028,0,0.0028
234, N ,0.000001,0.1491,0,0.1491
235, F ,0.000001,0.0022,0,0.0022
236, V ,0,0.053,0,0.053
237, V ,0,0.0019,0,0.0019
238, R ,0,0.134,0,0.134
239, V ,0,0.0024,0,0.0024
240, W ,0.000001,0.0733,0,0.0733
241, S ,0,0.0109,0,0.0109
242, N ,0.000047,0.4556,0,0.4555
243, S ,0.000004,0.1688,0,0.1688
244, G ,0.000222,0.3628,0,0.3627
245, D ,0.000002,0.4253,0,0.4253
246, L ,0.000001,0.1818,0,0.1818
247, Q ,0.000298,0.4527,0,0.4527
248, N ,0.000164,0.4693,0.0001,0.4692
249, V ,0,0.0048,0,0.0048
250, Y ,0.000001,0.1238,0,0.1238
251, W ,0.000002,0.3073,0,0.3073
252, D ,0.000001,0.3016,0,0.3016
253, V ,0,0.0012,0,0.0012
254, L ,0,0.08,0,0.08
255, E ,0.000001,0.3744,0,0.3744
256, R ,0.000013,0.2586,0,0.2586
257, I ,0,0.0012,0,0.0012
258, K ,0.000001,0.1763,0,0.1763
259, R ,0.000172,0.5135,0.0001,0.5134
260, E ,0.000005,0.2263,0,0.2263
261, F ,0,0.0027,0,0.0027
262, D ,0.000163,0.4292,0,0.4292
263, A ,0.000248,0.6804,0.0001,0.6802
264, A ,0.000007,0.3016,0,0.3016
265, G ,0.000312,0.6326,0.0001,0.6325
266, I ,0.000001,0.0271,0,0.0271
267, S ,0.000274,0.5189,0.0001,0.5188
268, F ,0.000003,0.0706,0,0.0706
269, P ,0.000013,0.3686,0,0.3686
270, Y ,0.000003,0.327,0,0.327
271, P ,0.000176,0.2514,0,0.2514
272, Q ,0.000004,0.3627,0,0.3627
273, M ,0.000018,0.2049,0,0.2049
274, D ,0.000007,0.4485,0,0.4485
275, V ,0.000001,0.1102,0,0.1102
276, N ,0.000037,0.4113,0,0.4113
277, F ,0.000059,0.2382,0,0.2382
278, K ,0.000165,0.4607,0,0.4607
279, R ,0.00023,0.5151,0.0001,0.515
280, V ,0.000166,0.4079,0,0.4079
281, M ,0.044782,0.4865,0.0001,0.4863
282, E ,0.000637,0.6675,0.0001,0.6674
283, D ,0.000592,0.643,0.0001,0.6429
284, L ,0.222942,0.4435,0,0.4434
285, N ,0.001888,0.5812,0.0001,0.5811
286, V ,0.512418,0.3431,0,0.3431
287, V ,0.134767,0.3685,0,0.3685
288, D ,0.000408,0.5868,0.0001,0.5867
289, S ,0.263246,0.447,0.0001,0.4469
290, I ,0.573135,0.22,0.0015,0.2185
291, N ,0.002038,0.612,0.0002,0.6117
292, G ,0.011114,0.498,0.0001,0.4978
293, A ,0.509669,0.3706,0.0029,0.3677
294, G ,0.353462,0.4119,0.0001,0.4118
295, S ,0.000969,0.4259,0.0001,0.4258
296, W ,0.641756,0.4645,0.2695,0.195
297, L ,0.883068,0.2914,0.1349,0.1565
298, V ,0.209061,0.457,0.0013,0.4557
299, A ,0.000503,0.5471,0.0002,0.5469
300, N ,0.500328,0.4246,0.1771,0.2475
301, Q ,0.420768,0.4691,0.1161,0.3531
302, A ,0.000983,0.5294,0.0002,0.5292
303, L ,0.447581,0.3824,0.0292,0.3532
304, L ,0.982812,0.3813,0.2623,0.119
305, L ,0.804827,0.4722,0.2732,0.199
306, S ,0.067372,0.4833,0.0102,0.4731
307, Y ,0.927887,0.4098,0.208,0.2019
308, A ,0.980506,0.415,0.3162,0.0988
309, V ,0.88469,0.4258,0.2693,0.1565
310, N ,0.146133,0.4095,0.0538,0.3557
311, I ,0.988629,0.3377,0.2504,0.0874
312, V ,0.990423,0.4433,0.4002,0.0431
313, A ,0.738786,0.3058,0.1548,0.151
314, A ,0.373663,0.1504,0.049,0.1015
315, L ,0.990482,0.4021,0.3507,0.0514
316, A ,0.988401,0.3923,0.2986,0.0937
317, I ,0.72107,0.2718,0.1978,0.0739
318, I ,0.956858,0.185,0.0928,0.0922
319, I ,0.989387,0.396,0.3418,0.0542
320, V ,0.990175,0.4399,0.4079,0.032
321, G ,0.508694,0.1369,0.0574,0.0795
322, L ,0.925097,0.3083,0.1708,0.1376
323, I ,0.977431,0.4367,0.3719,0.0648
324, I ,0.990053,0.3793,0.3275,0.0519
325, A ,0.313716,0.108,0.0344,0.0736
326, R ,0.14765,0.4184,0.0454,0.373
327, M ,0.91225,0.4589,0.3484,0.1105
328, I ,0.989491,0.3886,0.3361,0.0525
329, S ,0.057154,0.1726,0.0245,0.148
330, N ,0.047357,0.3867,0.0205,0.3662
331, A ,0.832967,0.4794,0.3303,0.1492
332, V ,0.948939,0.3577,0.261,0.0967
333, N ,0.000379,0.3743,0.0001,0.3743
334, R ,0.026283,0.471,0.0057,0.4653
335, L ,0.8879,0.4804,0.3452,0.1352
336, M ,0.494637,0.2876,0.1252,0.1623
337, I ,0.000658,0.4383,0.0002,0.4382
338, S ,0.018297,0.6462,0.0007,0.6456
339, R ,0.244248,0.6758,0.0236,0.6522
340, K ,0.000589,0.6772,0.0004,0.6768
341, I ,0.447259,0.279,0.0907,0.1883
342, D ,0.000218,0.4673,0.0002,0.4672
343, A ,0.000299,0.496,0.0001,0.4959
344, T ,0.001569,0.4582,0.074,0.3842
345, V ,0.521671,0.4078,0.268,0.1398
346, A ,0.001117,0.1823,0.0045,0.1777
347, D ,0.000508,0.4395,0.0001,0.4394
348, F ,0.714046,0.4629,0.41,0.0529
349, L ,0.981584,0.437,0.4058,0.0312
350, S ,0.08335,0.1712,0.0194,0.1518
351, A ,0.029599,0.1684,0.0165,0.1519
352, L ,0.987331,0.4569,0.4446,0.0123
353, V ,0.9801,0.3818,0.3358,0.0459
354, R ,0.167498,0.2413,0.0053,0.2359
355, Y ,0.967515,0.3527,0.2734,0.0793
356, G ,0.977302,0.42,0.3651,0.0549
357, I ,0.893052,0.2776,0.2006,0.077
358, I ,0.84325,0.2072,0.1146,0.0926
359, A ,0.927068,0.2428,0.1325,0.1103
360, F ,0.974219,0.4481,0.4109,0.0372
361, T ,0.513865,0.2174,0.1198,0.0976
362, L ,0.98446,0.2931,0.2284,0.0646
363, I ,0.809081,0.2327,0.1293,0.1034
364, A ,0.203562,0.2773,0.0696,0.2077
365, A ,0.33307,0.113,0.0383,0.0747
366, L ,0.857747,0.2979,0.201,0.0969
367, G ,0.001597,0.3342,0.0004,0.3339
368, R ,0.000521,0.4545,0.0002,0.4543
369, V ,0.476977,0.3859,0.161,0.2249
370, G ,0.027864,0.436,0.0035,0.4326
371, V ,0.466778,0.1515,0.0024,0.1491
372, Q ,0.00056,0.4391,0.0001,0.439
373, T ,0.063346,0.1133,0.0031,0.1103
374, A ,0.00113,0.3688,0.0005,0.3683
375, S ,0.117297,0.2639,0.0447,0.2192
376, V ,0.525445,0.1638,0.0607,0.1031
377, I ,0.474888,0.1028,0.0273,0.0755
378, A ,0.065323,0.3642,0.1368,0.2274
379, V ,0.456496,0.2474,0.1294,0.118
380, L ,0.641121,0.2342,0.1283,0.1059
381, G ,0.202813,0.1824,0.0259,0.1565
382, A ,0.01655,0.3286,0.1289,0.1996
383, A ,0.492155,0.2569,0.1129,0.144
384, G ,0.301931,0.1679,0.0094,0.1585
385, L ,0.130591,0.2344,0.1132,0.1212
386, A ,0.010641,0.2523,0.064,0.1882
387, V ,0.828756,0.2329,0.1017,0.1312
388, G ,0.112484,0.1104,0.0017,0.1088
389, L ,0.000843,0.2039,0.0428,0.1611
390, A ,0.000001,0.2104,0.0024,0.208
391, L ,0.474946,0.2206,0.0939,0.1267
392, Q ,0.000437,0.3093,0.0012,0.3081
393, G ,0.000194,0.474,0.0001,0.4739
394, S ,0.000004,0.193,0.0122,0.1808
395, L ,0.452943,0.2756,0.1262,0.1494
396, S ,0.000013,0.294,0,0.294
397, N ,0,0.2176,0,0.2176
398, L ,0.565486,0.2836,0.1456,0.138
399, A ,0.227213,0.1764,0.0336,0.1429
400, A ,0.000001,0.1146,0,0.1146
401, G ,0.000492,0.0568,0.0005,0.0562
402, V ,0.843033,0.3742,0.2507,0.1235
403, L ,0.390468,0.1705,0.0558,0.1146
404, L ,0,0.0472,0.0005,0.0467
405, V ,0.231728,0.1626,0.038,0.1246
406, M ,0.785831,0.3585,0.2159,0.1426
407, F ,0.090307,0.2874,0.0922,0.1952
408, R ,0.000006,0.3108,0,0.3108
409, P ,0.005348,0.1797,0.002,0.1777
410, F ,0.000021,0.005,0,0.005
411, R ,0.000012,0.3914,0,0.3914
412, A ,0.000001,0.2925,0,0.2925
413, G ,0.000133,0.3161,0,0.3161
414, E ,0,0.2453,0,0.2453
415, Y ,0.000007,0.2855,0,0.2855
416, V ,0,0.0019,0,0.0019
417, D ,0.000006,0.2505,0,0.2505
418, L ,0,0.005,0,0.005
419, G ,0.000234,0.2053,0,0.2053
420, G ,0.000387,0.4553,0,0.4553
421, V ,0.000002,0.1545,0,0.1545
422, A ,0.000003,0.2457,0,0.2457
423, G ,0,0.0094,0,0.0094
424, T ,0.000013,0.2463,0,0.2463
425, V ,0,0.0029,0,0.0029
426, L ,0.000017,0.2727,0,0.2727
427, S ,0.000002,0.2414,0,0.2414
428, V ,0.000001,0.0488,0,0.0488
429, Q ,0.000011,0.2413,0,0.2413
430, I ,0.029171,0.175,0,0.175
431, F ,0.18242,0.1354,0.0005,0.1349
432, S ,0.000001,0.0741,0,0.0741
433, T ,0,0.0024,0,0.0024
434, T ,0.000001,0.1405,0,0.1405
435, M ,0,0.0017,0,0.0017
436, R ,0.000005,0.2496,0,0.2496
437, T ,0,0.039,0,0.039
438, A ,0.000059,0.3541,0,0.3541
439, D ,0.000088,0.5719,0.0001,0.5719
440, G ,0.000007,0.4211,0,0.4211
441, K ,0.000001,0.4454,0,0.4454
442, I ,0.000002,0.2642,0,0.2642
443, I ,0,0.005,0,0.005
444, V ,0.000002,0.2348,0,0.2348
445, I ,0,0.0041,0,0.0041
446, P ,0.000004,0.1763,0,0.1763
447, N ,0,0.0398,0,0.0398
448, G ,0.000002,0.2721,0,0.2721
449, K ,0.000247,0.3374,0,0.3374
450, I ,0,0.0036,0,0.0036
451, I ,0.000002,0.1595,0,0.1595
452, A ,0.000179,0.4965,0.0001,0.4965
453, G ,0.000005,0.3911,0,0.3911
454, N ,0.000023,0.3558,0,0.3558
455, I ,0,0.0233,0,0.0233
456, I ,0.000003,0.1578,0,0.1578
457, N ,0,0.093,0,0.093
458, F ,0.000002,0.1266,0,0.1266
459, S ,0.000001,0.175,0,0.175
460, R ,0.000081,0.4311,0,0.4311
461, E ,0.000009,0.468,0,0.468
462, P ,0.000231,0.4575,0,0.4574
463, V ,0.000002,0.2787,0,0.2787
464, R ,0,0.1569,0,0.1569
465, R ,0,0.232,0,0.232
466, N ,0,0.0506,0,0.0506
467, E ,0.000001,0.1296,0,0.1296
468, F ,0,0.002,0,0.002
469, I ,0.000006,0.1075,0,0.1075
470, I ,0,0.0012,0,0.0012
471, G ,0.000001,0.0366,0,0.0366
472, V ,0,0.0015,0,0.0015
473, A ,0.000001,0.1285,0,0.1285
474, Y ,0.000018,0.1679,0,0.1679
475, D ,0.000336,0.578,0.0001,0.5778
476, S ,0.000001,0.1174,0,0.1174
477, D ,0.000126,0.471,0,0.471
478, I ,0,0.1616,0,0.1616
479, D ,0.00025,0.5881,0.0001,0.588
480, Q ,0.000222,0.4426,0,0.4426
481, V ,0,0.0015,0,0.0015
482, K ,0.000001,0.2879,0,0.2879
483, Q ,0.000381,0.6086,0.0002,0.6085
484, I ,0.000009,0.1102,0,0.1102
485, L ,0,0.0012,0,0.0012
486, T ,0.000005,0.3192,0,0.3192
487, N ,0.000438,0.5238,0.0002,0.5237
488, I ,0.000001,0.0072,0,0.0072
489, I ,0,0.0039,0,0.0039
490, Q ,0.000304,0.5375,0.0001,0.5374
491, S ,0.000277,0.6474,0.0001,0.6472
492, E ,0.000001,0.1059,0,0.1059
493, D ,0.000508,0.7532,0.0003,0.7529
494, R ,0.000139,0.3468,0,0.3468
495, I ,0,0.0082,0,0.0082
496, L ,0.000007,0.2577,0,0.2577
497, K ,0.000263,0.5421,0.0001,0.542
498, D ,0.000217,0.5592,0.0001,0.5591
499, R ,0.000029,0.2958,0,0.2958
500, E ,0.000239,0.4191,0,0.4191
501, M ,0.000002,0.1443,0,0.1443
502, T ,0.000005,0.2664,0,0.2664
503, V ,0,0.0269,0,0.0269
504, R ,0.000001,0.3495,0,0.3495
505, L ,0,0.1095,0,0.1095
506, N ,0.000008,0.3538,0,0.3538
507, E ,0.000024,0.3923,0,0.3923
508, L ,0,0.1337,0,0.1337
509, G ,0.000001,0.2507,0,0.2507
510, A ,0.000214,0.5553,0.0001,0.5552
511, S ,0.000001,0.2405,0,0.2405
512, S ,0,0.0284,0,0.0284
513, I ,0,0.0035,0,0.0035
514, N ,0.000001,0.1491,0,0.1491
515, F ,0.000001,0.0022,0,0.0022
516, V ,0,0.0535,0,0.0535
517, V ,0,0.0026,0,0.0026
518, R ,0,0.141,0,0.141
519, V ,0,0.0022,0,0.0022
520, W ,0.000001,0.0635,0,0.0635
521, S ,0,0.0143,0,0.0143
522, N ,0.000047,0.4406,0,0.4406
523, S ,0.000004,0.1354,0,0.1354
524, G ,0.000222,0.3457,0,0.3457
525, D ,0.000002,0.4255,0,0.4255
526, L ,0.000001,0.1958,0,0.1958
527, Q ,0.000298,0.4625,0.0001,0.4624
528, N ,0.000164,0.4667,0.0001,0.4666
529, V ,0,0.0053,0,0.0053
530, Y ,0.000001,0.1054,0,0.1054
531, W ,0.000002,0.321,0,0.321
532, D ,0.000001,0.3168,0,0.3168
533, V ,0,0.0012,0,0.0012
534, L ,0,0.086,0,0.086
535, E ,0.000001,0.3982,0,0.3982
536, R ,0.000013,0.2467,0,0.2467
537, I ,0,0.0012,0,0.0012
538, K ,0.000001,0.1873,0,0.1873
539, R ,0.000172,0.5153,0.0001,0.5152
540, E ,0.000005,0.2236,0,0.2236
541, F ,0,0.0026,0,0.0026
542, D ,0.000163,0.4277,0,0.4277
543, A ,0.000248,0.6848,0.0001,0.6847
544, A ,0.000007,0.3067,0,0.3067
545, G ,0.000312,0.6188,0.0001,0.6187
546, I ,0.000001,0.0238,0,0.0238
547, S ,0.000274,0.5127,0.0001,0.5126
548, F ,0.000003,0.0657,0,0.0657
549, P ,0.000013,0.3648,0,0.3648
550, Y ,0.000003,0.3142,0,0.3142
551, P ,0.000176,0.2181,0,0.2181
552, Q ,0.000004,0.3453,0,0.3453
553, M ,0.000018,0.1893,0,0.1893
554, D ,0.000007,0.4439,0,0.4439
555, V ,0.000001,0.0992,0,0.0992
556, N ,0.000037,0.3787,0,0.3787
557, F ,0.000059,0.2145,0,0.2145
558, K ,0.000165,0.4487,0,0.4487
559, R ,0.00023,0.4946,0.0001,0.4945
560, V ,0.000166,0.3648,0,0.3648
561, M ,0.044782,0.4656,0.0001,0.4655
562, E ,0.000637,0.6595,0.0001,0.6594
563, D ,0.000592,0.6305,0.0001,0.6304
564, L ,0.222942,0.4381,0,0.4381
565, N ,0.001888,0.5636,0.0001,0.5635
566, V ,0.512418,0.3128,0,0.3128
567, V ,0.134767,0.3471,0,0.3471
568, D ,0.000408,0.5884,0.0001,0.5883
569, S ,0.263246,0.4344,0,0.4344
570, I ,0.573135,0.1889,0.0003,0.1886
571, N ,0.002038,0.5991,0.0002,0.5989
572, G ,0.011114,0.4857,0.0001,0.4856
573, A ,0.509669,0.3996,0.0023,0.3973
574, G ,0.353462,0.4058,0.0001,0.4057
575, S ,0.000969,0.4115,0.0001,0.4115
576, W ,0.641756,0.4615,0.2648,0.1967
577, L ,0.883068,0.2964,0.1336,0.1628
578, V ,0.209061,0.439,0.0004,0.4386
579, A ,0.000503,0.5347,0.0002,0.5345
580, N ,0.500328,0.447,0.1813,0.2657
581, Q ,0.420768,0.4616,0.0999,0.3616
582, A ,0.000983,0.5148,0.0002,0.5147
583, L ,0.447581,0.3846,0.0227,0.3619
584, L ,0.982812,0.3716,0.2419,0.1297
585, L ,0.804827,0.4611,0.248,0.2131
586, S ,0.067372,0.4754,0.0061,0.4694
587, Y ,0.927887,0.4045,0.2036,0.201
588, A ,0.980506,0.4009,0.2951,0.1058
589, V ,0.88469,0.4,0.2317,0.1683
590, N ,0.146133,0.4026,0.0507,0.352
591, I ,0.988629,0.3293,0.2388,0.0905
592, V ,0.990423,0.4372,0.3908,0.0464
593, A ,0.738786,0.284,0.1364,0.1476
594, A ,0.373663,0.1461,0.0459,0.1003
595, L ,0.990482,0.3871,0.3307,0.0564
596, A ,0.988401,0.3808,0.2885,0.0922
597, I ,0.72107,0.2649,0.1905,0.0744
598, I ,0.956858,0.1722,0.0827,0.0895
599, I ,0.989387,0.3768,0.3153,0.0615
600, V ,0.990175,0.4336,0.3978,0.0357
601, G ,0.508694,0.1439,0.061,0.0829
602, L ,0.925097,0.2884,0.1509,0.1375
603, I ,0.977431,0.4185,0.3458,0.0727
604, I ,0.990053,0.3777,0.3235,0.0541
605, A ,0.313716,0.11,0.0358,0.0742
606, R ,0.14765,0.4013,0.0361,0.3652
607, M ,0.91225,0.4465,0.3314,0.1152
608, I ,0.989491,0.394,0.3427,0.0513
609, S ,0.057154,0.174,0.0286,0.1455
610, N ,0.047357,0.3737,0.0163,0.3573
611, A ,0.832967,0.4766,0.3207,0.1558
612, V ,0.948939,0.3722,0.2795,0.0926
613, N ,0.000379,0.3614,0.0002,0.3613
614, R ,0.026283,0.4661,0.0077,0.4584
615, L ,0.8879,0.4819,0.3481,0.1338
616, M ,0.494637,0.299,0.133,0.1659
617, I ,0.000658,0.4214,0.0004,0.421
618, S ,0.018297,0.6474,0.0006,0.6468
619, R ,0.244248,0.6804,0.0209,0.6595
620, K ,0.000589,0.6736,0.0005,0.6732
621, I ,0.447259,0.2702,0.0877,0.1824
622, D ,0.000218,0.468,0.0001,0.4679
623, A ,0.000299,0.4939,0.0001,0.4938
624, T ,0.001569,0.4596,0.0679,0.3917
625, V ,0.521671,0.4022,0.259,0.1432
626, A ,0.001117,0.1878,0.0046,0.1832
627, D ,0.000508,0.4369,0.0001,0.4368
628, F ,0.714046,0.4607,0.4011,0.0597
629, L ,0.981584,0.4288,0.3932,0.0356
630, S ,0.08335,0.174,0.0185,0.1555
631, A ,0.029599,0.1648,0.0155,0.1494
632, L ,0.987331,0.4549,0.4409,0.0139
633, V ,0.9801,0.3668,0.3137,0.0531
634, R ,0.167498,0.2218,0.0045,0.2173
635, Y ,0.967515,0.3602,0.2846,0.0756
636, G ,0.977302,0.4057,0.3454,0.0603
637, I ,0.893052,0.257,0.1729,0.084
638, I ,0.84325,0.1962,0.1056,0.0906
639, A ,0.927068,0.2432,0.1307,0.1126
640, F ,0.974219,0.4372,0.3906,0.0465
641, T ,0.513865,0.2079,0.1096,0.0983
642, L ,0.98446,0.2984,0.2328,0.0656
643, I ,0.809081,0.2227,0.1209,0.1018
644, A ,0.203562,0.2689,0.0601,0.2088
645, A ,0.33307,0.1173,0.0409,0.0765
646, L ,0.857747,0.2902,0.1951,0.0951
647, G ,0.001597,0.3112,0.0006,0.3106
648, R ,0.000521,0.4548,0.0005,0.4543
649, V ,0.476977,0.397,0.1739,0.2231
650, G ,0.027864,0.4374,0.0045,0.4329
651, V ,0.466778,0.1604,0.0048,0.1556
652, Q ,0.00056,0.4313,0.0001,0.4313
653, T ,0.063346,0.1344,0.0041,0.1303
654, A ,0.00113,0.3727,0.0002,0.3726
655, S ,0.117297,0.2807,0.0451,0.2355
656, V ,0.525445,0.1619,0.0556,0.1063
657, I ,0.474888,0.1066,0.0258,0.0807
658, A ,0.065323,0.3616,0.1236,0.238
659, V ,0.456496,0.2372,0.1187,0.1184
660, L ,0.641121,0.223,0.1181,0.105
661, G ,0.202813,0.1756,0.0258,0.1498
662, A ,0.01655,0.3304,0.1273,0.2032
663, A ,0.492155,0.2498,0.1069,0.1429
664, G ,0.301931,0.1597,0.0089,0.1508
665, L ,0.130591,0.2111,0.0984,0.1127
666, A ,0.010641,0.2321,0.059,0.173
667, V ,0.828756,0.2377,0.1049,0.1328
668, G ,0.112484,0.1007,0.0011,0.0996
669, L ,0.000843,0.1739,0.0291,0.1447
670, A ,0.000001,0.1986,0.002,0.1966
671, L ,0.474946,0.2344,0.1018,0.1326
672, Q ,0.000437,0.2974,0.0005,0.2969
673, G ,0.000194,0.4762,0.0001,0.4762
674, S ,0.000004,0.1825,0.0106,0.1719
675, L ,0.452943,0.2637,0.1185,0.1452
676, S ,0.000013,0.2932,0,0.2932
677, N ,0,0.2032,0,0.2032
678, L ,0.565486,0.2734,0.139,0.1344
679, A ,0.227213,0.176,0.0365,0.1395
680, A ,0.000001,0.1113,0,0.1113
681, G ,0.000492,0.0611,0.0008,0.0603
682, V ,0.843033,0.3781,0.2572,0.1209
683, L ,0.390468,0.165,0.0488,0.1161
684, L ,0,0.0492,0.0003,0.049
685, V ,0.231728,0.1631,0.0351,0.1281
686, M ,0.785831,0.3536,0.2078,0.1458
687, F ,0.090307,0.2399,0.0476,0.1924
688, R ,0.000006,0.3068,0,0.3068
689, P ,0.005348,0.1851,0.002,0.183
690, F ,0.000021,0.0047,0,0.0047
691, R ,0.000012,0.3701,0,0.3701
692, A ,0.000001,0.2827,0,0.2827
693, G ,0.000133,0.3259,0,0.3259
694, E ,0,0.2567,0,0.2567
695, Y ,0.000007,0.2871,0,0.2871
696, V ,0,0.0019,0,0.0019
697, D ,0.000006,0.2566,0,0.2566
698, L ,0,0.0055,0,0.0055
699, G ,0.000234,0.1962,0,0.1962
700, G ,0.000387,0.439,0,0.439
701, V ,0.000002,0.1569,0,0.1569
702, A ,0.000003,0.2364,0,0.2364
703, G ,0,0.0127,0,0.0127
704, T ,0.000013,0.2479,0,0.2479
705, V ,0,0.0032,0,0.0032
706, L ,0.000017,0.2779,0,0.2779
707, S ,0.000002,0.2552,0,0.2552
708, V ,0.000001,0.0561,0,0.0561
709, Q ,0.000011,0.2478,0,0.2478
710, I ,0.029171,0.1813,0,0.1813
711, F ,0.18242,0.161,0.0019,0.1591
712, S ,0.000001,0.0704,0,0.0704
713, T ,0,0.0042,0,0.0042
714, T ,0.000001,0.1471,0,0.1471
715, M ,0,0.0018,0,0.0018
716, R ,0.000005,0.2452,0,0.2452
717, T ,0,0.0366,0,0.0366
718, A ,0.000059,0.356,0,0.356
719, D ,0.000088,0.5581,0.0001,0.558
720, G ,0.000007,0.4248,0,0.4248
721, K ,0.000001,0.4483,0,0.4482
722, I ,0.000002,0.2678,0,0.2678
723, I ,0,0.0042,0,0.0042
724, V ,0.000002,0.2233,0,0.2233
725, I ,0,0.003,0,0.003
726, P ,0.000004,0.1538,0,0.1538
727, N ,0,0.0368,0,0.0368
728, G ,0.000002,0.2796,0,0.2796
729, K ,0.000247,0.3469,0,0.3469
730, I ,0,0.0038,0,0.0038
731, I ,0.000002,0.1529,0,0.1529
732, A ,0.000179,0.5063,0.0001,0.5062
733, G ,0.000005,0.3898,0,0.3898
734, N ,0.000023,0.3383,0,0.3383
735, I ,0,0.0169,0,0.0169
736, I ,0.000003,0.1466,0,0.1466
737, N ,0,0.0742,0,0.0742
738, F ,0.000002,0.1103,0,0.1103
739, S ,0.000001,0.1601,0,0.1601
740, R ,0.000081,0.4004,0,0.4004
741, E ,0.000009,0.4675,0,0.4675
742, P ,0.000231,0.43,0,0.4299
743, V ,0.000002,0.2487,0,0.2487
744, R ,0,0.1534,0,0.1534
745, R ,0,0.2139,0,0.2139
746, N ,0,0.0496,0,0.0496
747, E ,0.000001,0.1267,0,0.1267
748, F ,0,0.0019,0,0.0019
749, I ,0.000006,0.0874,0,0.0874
750, I ,0,0.0011,0,0.0011
751, G ,0.000001,0.0324,0,0.0324
752, V ,0,0.0013,0,0.0013
753, A ,0.000001,0.1141,0,0.1141
754, Y ,0.000018,0.1598,0,0.1598
755, D ,0.000336,0.571,0.0001,0.5709
756, S ,0.000001,0.1068,0,0.1068
757, D ,0.000126,0.461,0,0.4609
758, I ,0,0.1576,0,0.1576
759, D ,0.00025,0.5764,0.0001,0.5763
760, Q ,0.000222,0.4482,0,0.4482
761, V ,0,0.0015,0,0.0015
762, K ,0.000001,0.2973,0,0.2973
763, Q ,0.000381,0.6045,0.0002,0.6043
764, I ,0.000009,0.1121,0,0.1121
765, L ,0,0.0012,0,0.0012
766, T ,0.000005,0.314,0,0.314
767, N ,0.000438,0.5281,0.0002,0.5279
768, I ,0.000001,0.0068,0,0.0068
769, I ,0,0.0034,0,0.0034
770, Q ,0.000304,0.5263,0.0001,0.5262
771, S ,0.000277,0.6497,0.0001,0.6496
772, E ,0.000001,0.105,0,0.105
773, D ,0.000508,0.7577,0.0003,0.7574
774, R ,0.000139,0.3505,0,0.3505
775, I ,0,0.0077,0,0.0077
776, L ,0.000007,0.2457,0,0.2457
777, K ,0.000263,0.549,0.0001,0.5489
778, D ,0.000217,0.5334,0.0001,0.5334
779, R ,0.000029,0.2705,0,0.2705
780, E ,0.000239,0.4074,0,0.4074
781, M ,0.000002,0.1356,0,0.1356
782, T ,0.000005,0.2574,0,0.2574
783, V ,0,0.0243,0,0.0243
784, R ,0.000001,0.3444,0,0.3444
785, L ,0,0.1105,0,0.1105
786, N ,0.000008,0.3438,0,0.3438
787, E ,0.000024,0.3659,0,0.3659
788, L ,0,0.115,0,0.115
789, G ,0.000001,0.2403,0,0.2403
790, A ,0.000214,0.5434,0.0001,0.5433
791, S ,0.000001,0.2585,0,0.2585
792, S ,0,0.027,0,0.027
793, I ,0,0.0032,0,0.0032
794, N ,0.000001,0.1598,0,0.1598
795, F ,0.000001,0.0021,0,0.0021
796, V ,0,0.0558,0,0.0558
797, V ,0,0.0026,0,0.0026
798, R ,0,0.1456,0,0.1456
799, V ,0,0.0018,0,0.0018
800, W ,0.000001,0.0512,0,0.0512
801, S ,0,0.0085,0,0.0085
802, N ,0.000047,0.4256,0,0.4256
803, S ,0.000004,0.1601,0,0.1601
804, G ,0.000222,0.3725,0,0.3725
805, D ,0.000002,0.4209,0,0.4209
806, L ,0.000001,0.2139,0,0.2139
807, Q ,0.000298,0.4544,0,0.4544
808, N ,0.000164,0.459,0.0001,0.4589
809, V ,0,0.0064,0,0.0064
810, Y ,0.000001,0.0789,0,0.0789
811, W ,0.000002,0.3078,0,0.3078
812, D ,0.000001,0.3204,0,0.3204
813, V ,0,0.0012,0,0.0012
814, L ,0,0.0697,0,0.0697
815, E ,0.000001,0.3888,0,0.3888
816, R ,0.000013,0.2368,0,0.2368
817, I ,0,0.0011,0,0.0011
818, K ,0.000001,0.1771,0,0.1771
819, R ,0.000172,0.5045,0.0001,0.5044
820, E ,0.000005,0.2401,0,0.2401
821, F ,0,0.0028,0,0.0028
822, D ,0.000163,0.4306,0,0.4306
823, A ,0.000248,0.687,0.0001,0.6868
824, A ,0.000007,0.2936,0,0.2936
825, G ,0.000312,0.5999,0.0001,0.5998
826, I ,0.000001,0.0205,0,0.0205
827, S ,0.000274,0.4979,0.0001,0.4978
828, F ,0.000003,0.0597,0,0.0597
829, P ,0.000013,0.3521,0,0.3521
830, Y ,0.000003,0.307,0,0.307
831, P ,0.000176,0.2391,0,0.2391
832, Q ,0.000004,0.3236,0,0.3236
833, M ,0.000018,0.1827,0,0.1827
834, D ,0.000007,0.4388,0,0.4388
835, V ,0.000001,0.0845,0,0.0845
836, N ,0.000037,0.3693,0,0.3693
837, F ,0.000059,0.2122,0,0.2122
838, K ,0.000165,0.4508,0,0.4508
839, R ,0.00023,0.4727,0,0.4727
840, V ,0.000166,0.307,0,0.307
841, M ,0.044782,0.4415,0.0001,0.4415
842, E ,0.000637,0.6397,0.0001,0.6396
843, D ,0.000592,0.6151,0.0001,0.615
844, L ,0.222942,0.4337,0,0.4337
845, N ,0.001888,0.5339,0.0001,0.5338
846, V ,0.512418,0.3037,0,0.3037
847, V ,0.134767,0.3439,0,0.3439
848, D ,0.000408,0.587,0.0001,0.5869
849, S ,0.263246,0.4288,0,0.4287
850, I ,0.573135,0.1938,0.0003,0.1935
851, N ,0.002038,0.6019,0.0002,0.6017
852, G ,0.011114,0.4955,0.0001,0.4954
853, A ,0.509669,0.4145,0.0028,0.4117
854, G ,0.353462,0.3983,0.0001,0.3983
855, S ,0.000969,0.3736,0,0.3736
856, W ,0.641756,0.464,0.279,0.1849
857, L ,0.883068,0.2958,0.1366,0.1592
858, V ,0.209061,0.4328,0.0008,0.432
859, A ,0.000503,0.5234,0.0002,0.5232
860, N ,0.500328,0.4501,0.1907,0.2595
861, Q ,0.420768,0.4611,0.1047,0.3565
862, A ,0.000983,0.5238,0.0002,0.5236
863, L ,0.447581,0.3845,0.0182,0.3663
864, L ,0.982812,0.364,0.2326,0.1315
865, L ,0.804827,0.4612,0.2433,0.2179
866, S ,0.067372,0.4776,0.0051,0.4724
867, Y ,0.927887,0.396,0.1956,0.2004
868, A ,0.980506,0.3881,0.2765,0.1117
869, V ,0.88469,0.4027,0.2258,0.1769
870, N ,0.146133,0.4079,0.0501,0.3578
871, I ,0.988629,0.3307,0.2383,0.0924
872, V ,0.990423,0.4284,0.3776,0.0508
873, A ,0.738786,0.277,0.1292,0.1477
874, A ,0.373663,0.1504,0.0485,0.1019
875, L ,0.990482,0.3932,0.3396,0.0536
876, A ,0.988401,0.3734,0.2762,0.0971
877, I ,0.72107,0.2636,0.1887,0.0748
878, I ,0.956858,0.1819,0.0905,0.0914
879, I ,0.989387,0.3818,0.3221,0.0597
880, V ,0.990175,0.4294,0.3918,0.0376
881, G ,0.508694,0.1588,0.0703,0.0885
882, L ,0.925097,0.2958,0.1641,0.1317
883, I ,0.977431,0.4009,0.323,0.0779
884, I ,0.990053,0.4041,0.3542,0.05
885, A ,0.313716,0.1292,0.0477,0.0815
886, R ,0.14765,0.4072,0.0455,0.3617
887, M ,0.91225,0.4341,0.3056,0.1284
888, I ,0.989491,0.4182,0.373,0.0452
889, S ,0.057154,0.1841,0.0413,0.1428
890, N ,0.047357,0.356,0.0107,0.3453
891, A ,0.832967,0.469,0.2918,0.1772
892, V ,0.948939,0.3832,0.2909,0.0923
893, N ,0.000379,0.3609,0.0003,0.3606
894, R ,0.026283,0.4562,0.0084,0.4478
895, L ,0.8879,0.481,0.3377,0.1433
896, M ,0.494637,0.3289,0.1513,0.1776
897, I ,0.000658,0.3944,0.0014,0.393
898, S ,0.018297,0.6194,0.0007,0.6187
899, R ,0.244248,0.6724,0.0144,0.658
900, K ,0.000589,0.6868,0.0005,0.6863
901, I ,0.447259,0.2674,0.0832,0.1842
902, D ,0.000218,0.4705,0.0001,0.4703
903, A ,0.000299,0.4749,0.0001,0.4749
904, T ,0.001569,0.4631,0.0674,0.3957
905, V ,0.521671,0.4088,0.266,0.1429
906, A ,0.001117,0.1817,0.0058,0.1759
907, D ,0.000508,0.4306,0,0.4305
908, F ,0.714046,0.4584,0.3976,0.0609
909, L ,0.981584,0.4354,0.4021,0.0333
910, S ,0.08335,0.1756,0.0252,0.1504
911, A ,0.029599,0.1575,0.0166,0.1409
912, L ,0.987331,0.4541,0.4406,0.0135
913, V ,0.9801,0.3881,0.3453,0.0428
914, R ,0.167498,0.198,0.0081,0.19
915, Y ,0.967515,0.3553,0.2812,0.074
916, G ,0.977302,0.4079,0.3538,0.0541
917, I ,0.893052,0.2637,0.187,0.0768
918, I ,0.84325,0.1941,0.1048,0.0893
919, A ,0.927068,0.2568,0.1431,0.1137
920, F ,0.974219,0.4366,0.3972,0.0394
921, T ,0.513865,0.2085,0.1113,0.0971
922, L ,0.98446,0.3067,0.2435,0.0633
923, I ,0.809081,0.2217,0.1257,0.0961
924, A ,0.203562,0.261,0.0606,0.2003
925, A ,0.33307,0.125,0.0465,0.0784
926, L ,0.857747,0.31,0.2221,0.0879
927, G ,0.001597,0.3075,0.0012,0.3063
928, R ,0.000521,0.4588,0.0005,0.4583
929, V ,0.476977,0.4124,0.1914,0.221
930, G ,0.027864,0.4401,0.0113,0.4288
931, V ,0.466778,0.1968,0.0189,0.1779
932, Q ,0.00056,0.4287,0.0001,0.4286
933, T ,0.063346,0.142,0.01,0.132
934, A ,0.00113,0.343,0.0004,0.3426
935, S ,0.117297,0.3184,0.0878,0.2306
936, V ,0.525445,0.2008,0.0821,0.1187
937, I ,0.474888,0.1167,0.0324,0.0843
938, A ,0.065323,0.3553,0.117,0.2383
939, V ,0.456496,0.2716,0.1483,0.1233
940, L ,0.641121,0.2474,0.1441,0.1033
941, G ,0.202813,0.1829,0.0292,0.1537
942, A ,0.01655,0.3238,0.1276,0.1962
943, A ,0.492155,0.276,0.1255,0.1505
944, G ,0.301931,0.1803,0.0115,0.1688
945, L ,0.130591,0.2123,0.0974,0.1149
946, A ,0.010641,0.2335,0.063,0.1705
947, V ,0.828756,0.2585,0.1215,0.137
948, G ,0.112484,0.1182,0.0028,0.1154
949, L ,0.000843,0.1677,0.0288,0.1389
950, A ,0.000001,0.1854,0.0028,0.1826
951, L ,0.474946,0.237,0.1067,0.1303
952, Q ,0.000437,0.2968,0.0005,0.2963
953, G ,0.000194,0.4673,0.0001,0.4672
954, S ,0.000004,0.2048,0.0065,0.1983
955, L ,0.452943,0.2358,0.1025,0.1334
956, S ,0.000013,0.2688,0,0.2688
957, N ,0,0.2363,0,0.2363
958, L ,0.565486,0.2495,0.1191,0.1304
959, A ,0.227213,0.1626,0.0315,0.1311
960, A ,0.000001,0.1236,0,0.1236
961, G ,0.000492,0.0605,0.0006,0.0599
962, V ,0.843033,0.3628,0.2441,0.1187
963, L ,0.390468,0.1532,0.0506,0.1026
964, L ,0,0.0428,0.0003,0.0425
965, V ,0.231728,0.1506,0.0246,0.126
966, M ,0.785831,0.3359,0.194,0.1419
967, F ,0.090307,0.2263,0.0409,0.1854
968, R ,0.000006,0.3049,0,0.3049
969, P ,0.005348,0.1772,0.0003,0.1769
970, F ,0.000021,0.0037,0,0.0037
971, R ,0.000012,0.3601,0,0.3601
972, A ,0.000001,0.2852,0,0.2852
973, G ,0.000133,0.3396,0,0.3396
974, E ,0,0.2643,0,0.2643
975, Y ,0.000007,0.3279,0,0.3279
976, V ,0,0.0017,0,0.0017
977, D ,0.000006,0.2751,0,0.2751
978, L ,0,0.0049,0,0.0049
979, G ,0.000234,0.2005,0,0.2005
980, G ,0.000387,0.4543,0,0.4543
981, V ,0.000002,0.1513,0,0.1513
982, A ,0.000003,0.2379,0,0.2379
983, G ,0,0.0097,0,0.0097
984, T ,0.000013,0.2596,0,0.2596
985, V ,0,0.0028,0,0.0028
986, L ,0.000017,0.2818,0,0.2818
987, S ,0.000002,0.2705,0,0.2705
988, V ,0.000001,0.0586,0,0.0586
989, Q ,0.000011,0.263,0,0.263
990, I ,0.029171,0.1667,0,0.1667
991, F ,0.18242,0.1551,0.0019,0.1532
992, S ,0.000001,0.0758,0,0.0758
993, T ,0,0.004,0,0.004
994, T ,0.000001,0.143,0,0.143
995, M ,0,0.0015,0,0.0015
996, R ,0.000005,0.2471,0,0.2471
997, T ,0,0.0384,0,0.0384
998, A ,0.000059,0.3626,0,0.3626
999, D ,0.000088,0.5715,0.0001,0.5714
1000, G ,0.000007,0.4432,0,0.4432
1001, K ,0.000001,0.4565,0,0.4564
1002, I ,0.000002,0.2964,0,0.2964
1003, I ,0,0.0058,0,0.0058
1004, V ,0.000002,0.2295,0,0.2295
1005, I ,0,0.0029,0,0.0029
1006, P ,0.000004,0.1729,0,0.1729
1007, N ,0,0.0293,0,0.0293
1008, G ,0.000002,0.2536,0,0.2536
1009, K ,0.000247,0.3942,0,0.3941
1010, I ,0,0.0037,0,0.0037
1011, I ,0.000002,0.1619,0,0.1619
1012, A ,0.000179,0.5391,0.0001,0.539
1013, G ,0.000005,0.3961,0,0.3961
1014, N ,0.000023,0.3629,0,0.3629
1015, I ,0,0.0229,0,0.0229
1016, I ,0.000003,0.1588,0,0.1588
1017, N ,0,0.0785,0,0.0785
1018, F ,0.000002,0.1215,0,0.1215
1019, S ,0.000001,0.1596,0,0.1596
1020, R ,0.000081,0.417,0,0.417
1021, E ,0.000009,0.4798,0,0.4798
1022, P ,0.000231,0.4611,0,0.4611
1023, V ,0.000002,0.2448,0,0.2448
1024, R ,0,0.1515,0,0.1515
1025, R ,0,0.1965,0,0.1965
1026, N ,0,0.0531,0,0.0531
1027, E ,0.000001,0.1284,0,0.1284
1028, F ,0,0.0018,0,0.0018
1029, I ,0.000006,0.0889,0,0.0889
1030, I ,0,0.0011,0,0.0011
1031, G ,0.000001,0.0324,0,0.0324
1032, V ,0,0.0013,0,0.0013
1033, A ,0.000001,0.1112,0,0.1112
1034, Y ,0.000018,0.1677,0,0.1677
1035, D ,0.000336,0.587,0.0001,0.5869
1036, S ,0.000001,0.1014,0,0.1014
1037, D ,0.000126,0.4556,0,0.4555
1038, I ,0,0.155,0,0.155
1039, D ,0.00025,0.575,0.0001,0.5749
1040, Q ,0.000222,0.4545,0,0.4544
1041, V ,0,0.0015,0,0.0015
1042, K ,0.000001,0.2886,0,0.2886
1043, Q ,0.000381,0.6046,0.0002,0.6044
1044, I ,0.000009,0.1295,0,0.1295
1045, L ,0,0.0012,0,0.0012
1046, T ,0.000005,0.3123,0,0.3123
1047, N ,0.000438,0.5207,0.0002,0.5206
1048, I ,0.000001,0.0069,0,0.0069
1049, I ,0,0.0046,0,0.0046
1050, Q ,0.000304,0.5442,0.0001,0.544
1051, S ,0.000277,0.6667,0.0001,0.6666
1052, E ,0.000001,0.1143,0,0.1143
1053, D ,0.000508,0.7637,0.0003,0.7634
1054, R ,0.000139,0.3397,0,0.3397
1055, I ,0,0.0065,0,0.0065
1056, L ,0.000007,0.2749,0,0.2749
1057, K ,0.000263,0.5204,0.0001,0.5203
1058, D ,0.000217,0.5436,0.0001,0.5435
1059, R ,0.000029,0.3012,0,0.3012
1060, E ,0.000239,0.3703,0,0.3703
1061, M ,0.000002,0.1313,0,0.1313
1062, T ,0.000005,0.2526,0,0.2526
1063, V ,0,0.0151,0,0.0151
1064, R ,0.000001,0.3188,0,0.3188
1065, L ,0,0.1034,0,0.1034
1066, N ,0.000008,0.3507,0,0.3507
1067, E ,0.000024,0.3762,0,0.3762
1068, L ,0,0.1423,0,0.1423
1069, G ,0.000001,0.2282,0,0.2282
1070, A ,0.000214,0.5636,0.0001,0.5635
1071, S ,0.000001,0.3122,0,0.3122
1072, S ,0,0.0369,0,0.0369
1073, I ,0,0.0038,0,0.0038
1074, N ,0.000001,0.1663,0,0.1663
1075, F ,0.000001,0.002,0,0.002
1076, V ,0,0.0462,0,0.0462
1077, V ,0,0.0018,0,0.0018
1078, R ,0,0.125,0,0.125
1079, V ,0,0.0015,0,0.0015
1080, W ,0.000001,0.0321,0,0.0321
1081, S ,0,0.003,0,0.003
1082, N ,0.000047,0.4076,0,0.4076
1083, S ,0.000004,0.1605,0,0.1605
1084, G ,0.000222,0.3511,0,0.3511
1085, D ,0.000002,0.3973,0,0.3973
1086, L ,0.000001,0.2326,0,0.2326
1087, Q ,0.000298,0.4642,0.0001,0.4642
1088, N ,0.000164,0.4493,0,0.4493
1089, V ,0,0.003,0,0.003
1090, Y ,0.000001,0.0763,0,0.0763
1091, W ,0.000002,0.2671,0,0.2671
1092, D ,0.000001,0.2808,0,0.2808
1093, V ,0,0.0012,0,0.0012
1094, L ,0,0.0687,0,0.0687
1095, E ,0.000001,0.3809,0,0.3809
1096, R ,0.000013,0.2376,0,0.2376
1097, I ,0,0.0011,0,0.0011
1098, K ,0.000001,0.1859,0,0.1859
1099, R ,0.000172,0.5114,0.0001,0.5113
1100, E ,0.000005,0.2375,0,0.2375
1101, F ,0,0.0025,0,0.0025
1102, D ,0.000163,0.4186,0,0.4186
1103, A ,0.000248,0.7013,0.0002,0.7012
1104, A ,0.000007,0.295,0,0.295
1105, G ,0.000312,0.6063,0.0001,0.6062
1106, I ,0.000001,0.0142,0,0.0142
1107, S ,0.000274,0.4842,0.0001,0.4841
1108, F ,0.000003,0.0542,0,0.0542
1109, P ,0.000013,0.3639,0,0.3639
1110, Y ,0.000003,0.3286,0,0.3286
1111, P ,0.000176,0.2638,0,0.2638
1112, Q ,0.000004,0.3548,0,0.3548
1113, M ,0.000018,0.18,0,0.18
1114, D ,0.000007,0.4525,0,0.4525
1115, V ,0.000001,0.0802,0,0.0802
1116, N ,0.000037,0.3646,0,0.3646
1117, F ,0.000059,0.1998,0,0.1998
1118, K ,0.000165,0.447,0,0.4469
1119, R ,0.00023,0.465,0,0.4649
1120, V ,0.000166,0.2681,0,0.2681
1121, M ,0.044782,0.422,0,0.4219
1122, E ,0.000637,0.6427,0.0001,0.6426
1123, D ,0.000592,0.617,0.0001,0.6169
1124, L ,0.222942,0.4414,0.0001,0.4413
1125, N ,0.001888,0.5026,0.0001,0.5025
1126, V ,0.512418,0.3396,0,0.3396
1127, V ,0.134767,0.3478,0,0.3478
1128, D ,0.000408,0.588,0.0001,0.5878
1129, S ,0.263246,0.4346,0.0001,0.4346
1130, I ,0.573135,0.2367,0.0033,0.2335
1131, N ,0.002038,0.6067,0.0003,0.6064
1132, G ,0.011114,0.5244,0.0002,0.5242
1133, A ,0.509669,0.4402,0.0031,0.4371
1134, G ,0.353462,0.422,0.0002,0.4218
1135, S ,0.000969,0.3739,0.0001,0.3738
1136, W ,0.641756,0.4674,0.2743,0.1931
1137, L ,0.883068,0.2865,0.1299,0.1565
1138, V ,0.209061,0.409,0.0026,0.4064
1139, A ,0.000503,0.5313,0.0002,0.5311
1140, N ,0.500328,0.4396,0.1735,0.2661
1141, Q ,0.420768,0.4645,0.0906,0.3738
1142, A ,0.000983,0.5005,0.0001,0.5003
1143, L ,0.447581,0.3925,0.0245,0.368
1144, L ,0.982812,0.3681,0.2337,0.1343
1145, L ,0.804827,0.4386,0.2194,0.2192
1146, S ,0.067372,0.4574,0.0065,0.4509
1147, Y ,0.927887,0.4152,0.2241,0.1911
1148, A ,0.980506,0.3681,0.2564,0.1117
1149, V ,0.88469,0.3714,0.2057,0.1657
1150, N ,0.146133,0.3886,0.0701,0.3185
1151, I ,0.988629,0.3518,0.276,0.0758
1152, V ,0.990423,0.4084,0.3623,0.0461
1153, A ,0.738786,0.2903,0.1383,0.1519
1154, A ,0.373663,0.1625,0.0577,0.1048
1155, L ,0.990482,0.419,0.3867,0.0323
1156, A ,0.988401,0.3735,0.2933,0.0802
1157, I ,0.72107,0.2732,0.2057,0.0674
1158, I ,0.956858,0.2267,0.1403,0.0864
1159, I ,0.989387,0.3978,0.3566,0.0412
1160, V ,0.990175,0.4114,0.3817,0.0297
1161, G ,0.508694,0.1662,0.077,0.0893
1162, L ,0.925097,0.3273,0.2261,0.1012
1163, I ,0.977431,0.4068,0.3423,0.0645
1164, I ,0.990053,0.4135,0.3754,0.0381
1165, A ,0.313716,0.1271,0.0477,0.0793
1166, R ,0.14765,0.399,0.0455,0.3535
1167, M ,0.91225,0.4566,0.3447,0.1119
1168, I ,0.989491,0.4313,0.3923,0.039
1169, S ,0.057154,0.1934,0.0355,0.1579
1170, N ,0.047357,0.4022,0.0158,0.3864
1171, A ,0.832967,0.4769,0.3076,0.1693
1172, V ,0.948939,0.3986,0.3046,0.0939
1173, N ,0.000379,0.3515,0.0006,0.3508
1174, R ,0.026283,0.4677,0.0183,0.4494
1175, L ,0.8879,0.4853,0.3266,0.1587
1176, M ,0.494637,0.3805,0.1821,0.1985
1177, I ,0.000658,0.3867,0.0057,0.381
1178, S ,0.018297,0.5988,0.0008,0.598
1179, R ,0.244248,0.6615,0.0102,0.6513
1180, K ,0.000589,0.6981,0.0004,0.6978
1181, I ,0.447259,0.279,0.0795,0.1995
1182, D ,0.000218,0.4819,0.0002,0.4817
1183, A ,0.000299,0.471,0.0001,0.4709
1184, T ,0.001569,0.4805,0.0556,0.4249
1185, V ,0.521671,0.4345,0.2863,0.1482
1186, A ,0.001117,0.2077,0.0122,0.1955
1187, D ,0.000508,0.4442,0.0001,0.4442
1188, F ,0.714046,0.4597,0.3858,0.0739
1189, L ,0.981584,0.445,0.4135,0.0314
1190, S ,0.08335,0.201,0.0368,0.1641
1191, A ,0.029599,0.1322,0.0078,0.1244
1192, L ,0.987331,0.4505,0.4324,0.0182
1193, V ,0.9801,0.4043,0.3716,0.0327
1194, R ,0.167498,0.1865,0.0187,0.1678
1195, Y ,0.967515,0.3432,0.2674,0.0758
1196, G ,0.977302,0.4282,0.3808,0.0474
1197, I ,0.893052,0.2908,0.2253,0.0654
1198, I ,0.84325,0.1923,0.0997,0.0926
1199, A ,0.927068,0.2471,0.1378,0.1093
1200, F ,0.974219,0.4532,0.4237,0.0295
1201, T ,0.513865,0.2302,0.1269,0.1033
1202, L ,0.98446,0.298,0.2318,0.0661
1203, I ,0.809081,0.2332,0.1383,0.0949
1204, A ,0.203562,0.2708,0.0727,0.1982
1205, A ,0.33307,0.1197,0.0423,0.0774
1206, L ,0.857747,0.3242,0.2393,0.0849
1207, G ,0.001597,0.2918,0.0015,0.2903
1208, R ,0.000521,0.4654,0.0003,0.4652
1209, V ,0.476977,0.3823,0.1661,0.2162
1210, G ,0.027864,0.4488,0.0112,0.4377
1211, V ,0.466778,0.1561,0.0051,0.1511
1212, Q ,0.00056,0.4293,0.0001,0.4292
1213, T ,0.063346,0.1262,0.0042,0.1219
1214, A ,0.00113,0.3543,0.0003,0.354
1215, S ,0.117297,0.3064,0.0643,0.2421
1216, V ,0.525445,0.1672,0.0599,0.1074
1217, I ,0.474888,0.1161,0.0297,0.0863
1218, A ,0.065323,0.3518,0.1065,0.2453
1219, V ,0.456496,0.2441,0.121,0.1231
1220, L ,0.641121,0.2351,0.1266,0.1085
1221, G ,0.202813,0.1973,0.0282,0.1691
1222, A ,0.01655,0.313,0.1147,0.1983
1223, A ,0.492155,0.2369,0.0951,0.1418
1224, G ,0.301931,0.1784,0.0065,0.172
1225, L ,0.130591,0.2185,0.101,0.1175
1226, A ,0.010641,0.2192,0.0437,0.1755
1227, V ,0.828756,0.2098,0.088,0.1218
1228, G ,0.112484,0.1087,0.0015,0.1072
1229, L ,0.000843,0.1511,0.0227,0.1284
1230, A ,0.000001,0.1499,0.0004,0.1495
1231, L ,0.474946,0.1984,0.0836,0.1148
1232, Q ,0.000437,0.2753,0.0005,0.2748
1233, G ,0.000194,0.4565,0,0.4564
1234, S ,0.000004,0.1684,0.0049,0.1635
1235, L ,0.452943,0.2223,0.0991,0.1232
1236, S ,0.000013,0.2191,0,0.2191
1237, N ,0,0.2394,0,0.2394
1238, L ,0.565486,0.2388,0.113,0.1258
1239, A ,0.227213,0.1425,0.0334,0.1091
1240, A ,0.000001,0.1101,0,0.1101
1241, G ,0.000492,0.0636,0.0004,0.0633
1242, V ,0.843033,0.3689,0.2491,0.1197
1243, L ,0.390468,0.1545,0.0538,0.1007
1244, L ,0,0.0502,0.0004,0.0498
1245, V ,0.231728,0.1907,0.0253,0.1653
1246, M ,0.785831,0.3464,0.1994,0.147
1247, F ,0.090307,0.2277,0.0332,0.1945
1248, R ,0.000006,0.3172,0,0.3172
1249, P ,0.005348,0.1922,0.0002,0.192
1250, F ,0.000021,0.0041,0,0.0041
1251, R ,0.000012,0.3643,0,0.3642
1252, A ,0.000001,0.2833,0,0.2833
1253, G ,0.000133,0.3056,0,0.3056
1254, E ,0,0.2635,0,0.2635
1255, Y ,0.000007,0.3323,0,0.3323
1256, V ,0,0.0019,0,0.0019
1257, D ,0.000006,0.2759,0,0.2759
1258, L ,0,0.0042,0,0.0042
1259, G ,0.000234,0.2132,0,0.2132
1260, G ,0.000387,0.4567,0,0.4566
1261, V ,0.000002,0.1433,0,0.1433
1262, A ,0.000003,0.2473,0,0.2473
1263, G ,0,0.0102,0,0.0102
1264, T ,0.000013,0.2487,0,0.2487
1265, V ,0,0.0031,0,0.0031
1266, L ,0.000017,0.2791,0,0.2791
1267, S ,0.000002,0.2578,0,0.2578
1268, V ,0.000001,0.055,0,0.055
1269, Q ,0.000011,0.2518,0,0.2518
1270, I ,0.029171,0.1408,0,0.1408
1271, F ,0.18242,0.1472,0.0009,0.1464
1272, S ,0.000001,0.0857,0,0.0857
1273, T ,0,0.0034,0,0.0034
1274, T ,0.000001,0.1369,0,0.1369
1275, M ,0,0.0015,0,0.0015
1276, R ,0.000005,0.2371,0,0.2371
1277, T ,0,0.0276,0,0.0276
1278, A ,0.000059,0.3299,0,0.3299
1279, D ,0.000088,0.5417,0.0001,0.5416
1280, G ,0.000007,0.4332,0,0.4331
1281, K ,0.000001,0.4401,0,0.4401
1282, I ,0.000002,0.2683,0,0.2683
1283, I ,0,0.0042,0,0.0042
1284, V ,0.000002,0.2135,0,0.2135
1285, I ,0,0.0026,0,0.0026
1286, P ,0.000004,0.1665,0,0.1665
1287, N ,0,0.0267,0,0.0267
1288, G ,0.000002,0.2617,0,0.2617
1289, K ,0.000247,0.3857,0,0.3857
1290, I ,0,0.0038,0,0.0038
1291, I ,0.000002,0.1785,0,0.1785
1292, A ,0.000179,0.5466,0.0001,0.5466
1293, G ,0.000005,0.3961,0,0.3961
1294, N ,0.000023,0.3745,0,0.3745
1295, I ,0,0.0284,0,0.0284
1296, I ,0.000003,0.1817,0,0.1817
1297, N ,0,0.077,0,0.077
1298, F ,0.000002,0.123,0,0.123
1299, S ,0.000001,0.1719,0,0.1719
1300, R ,0.000081,0.4304,0,0.4304
1301, E ,0.000009,0.4653,0,0.4652
1302, P ,0.000231,0.4591,0,0.459
1303, V ,0.000002,0.2473,0,0.2473
1304, R ,0,0.1539,0,0.1539
1305, R ,0,0.1704,0,0.1704
1306, N ,0,0.0537,0,0.0537
1307, E ,0.000001,0.1356,0,0.1356
1308, F ,0,0.0018,0,0.0018
1309, I ,0.000006,0.1017,0,0.1017
1310, I ,0,0.0011,0,0.0011
1311, G ,0.000001,0.0402,0,0.0402
1312, V ,0,0.0013,0,0.0013
1313, A ,0.000001,0.1279,0,0.1279
1314, Y ,0.000018,0.1737,0,0.1737
1315, D ,0.000336,0.5723,0.0001,0.5722
1316, S ,0.000001,0.0893,0,0.0893
1317, D ,0.000126,0.4604,0,0.4603
1318, I ,0,0.1568,0,0.1568
1319, D ,0.00025,0.5667,0.0001,0.5665
1320, Q ,0.000222,0.4504,0,0.4504
1321, V ,0,0.0015,0,0.0015
1322, K ,0.000001,0.2795,0,0.2795
1323, Q ,0.000381,0.6067,0.0002,0.6066
1324, I ,0.000009,0.1371,0,0.1371
1325, L ,0,0.0012,0,0.0012
1326, T ,0.000005,0.3061,0,0.3061
1327, N ,0.000438,0.5212,0.0002,0.5211
1328, I ,0.000001,0.0058,0,0.0058
1329, I ,0,0.0035,0,0.0035
1330, Q ,0.000304,0.5434,0.0001,0.5433
1331, S ,0.000277,0.6451,0.0001,0.6449
1332, E ,0.000001,0.1087,0,0.1087
1333, D ,0.000508,0.7627,0.0003,0.7624
1334, R ,0.000139,0.3409,0,0.3409
1335, I ,0,0.007,0,0.007
1336, L ,0.000007,0.285,0,0.285
1337, K ,0.000263,0.4956,0.0001,0.4955
1338, D ,0.000217,0.5468,0.0001,0.5467
1339, R ,0.000029,0.3535,0,0.3535
1340, E ,0.000239,0.3804,0,0.3804
1341, M ,0.000002,0.1391,0,0.1391
1342, T ,0.000005,0.2625,0,0.2625
1343, V ,0,0.0141,0,0.0141
1344, R ,0.000001,0.3272,0,0.3272
1345, L ,0,0.098,0,0.098
1346, N ,0.000008,0.3581,0,0.3581
1347, E ,0.000024,0.3881,0,0.3881
1348, L ,0,0.1144,0,0.1144
1349, G ,0.000001,0.2069,0,0.2069
1350, A ,0.000214,0.5629,0.0001,0.5628
1351, S ,0.000001,0.3166,0,0.3166
1352, S ,0,0.027,0,0.027
1353, I ,0,0.0035,0,0.0035
1354, N ,0.000001,0.1708,0,0.1708
1355, F ,0.000001,0.0018,0,0.0018
1356, V ,0,0.0348,0,0.0348
1357, V ,0,0.0018,0,0.0018
1358, R ,0,0.1326,0,0.1326
1359, V ,0,0.0016,0,0.0016
1360, W ,0.000001,0.0321,0,0.0321
1361, S ,0,0.0032,0,0.0032
1362, N ,0.000047,0.4182,0,0.4181
1363, S ,0.000004,0.21,0,0.21
1364, G ,0.000222,0.3369,0,0.3369
1365, D ,0.000002,0.3874,0,0.3874
1366, L ,0.000001,0.2249,0,0.2249
1367, Q ,0.000298,0.4623,0.0001,0.4623
1368, N ,0.000164,0.4441,0,0.4441
1369, V ,0,0.0025,0,0.0025
1370, Y ,0.000001,0.0887,0,0.0887
1371, W ,0.000002,0.2713,0,0.2712
1372, D ,0.000001,0.2539,0,0.2539
1373, V ,0,0.0012,0,0.0012
1374, L ,0,0.0686,0,0.0686
1375, E ,0.000001,0.3379,0,0.3379
1376, R ,0.000013,0.2507,0,0.2507
1377, I ,0,0.0011,0,0.0011
1378, K ,0.000001,0.1799,0,0.1799
1379, R ,0.000172,0.5137,0.0001,0.5136
1380, E ,0.000005,0.2179,0,0.2179
1381, F ,0,0.0025,0,0.0025
1382, D ,0.000163,0.4264,0,0.4264
1383, A ,0.000248,0.7144,0.0002,0.7142
1384, A ,0.000007,0.3086,0,0.3086
1385, G ,0.000312,0.6266,0.0001,0.6265
1386, I ,0.000001,0.0218,0,0.0218
1387, S ,0.000274,0.4996,0.0001,0.4995
1388, F ,0.000003,0.0542,0,0.0542
1389, P ,0.000013,0.3646,0,0.3646
1390, Y ,0.000003,0.3637,0,0.3637
1391, P ,0.000176,0.2407,0,0.2407
1392, Q ,0.000004,0.3732,0,0.3732
1393, M ,0.000018,0.1863,0,0.1863
1394, D ,0.000007,0.443,0,0.443
1395, V ,0.000001,0.0747,0,0.0747
1396, N ,0.000037,0.365,0,0.365
1397, F ,0.000059,0.1948,0,0.1948
1398, K ,0.000165,0.4528,0,0.4527
1399, R ,0.00023,0.4704,0,0.4704
1400, V ,0.000166,0.2968,0,0.2968
1401, M ,0.044782,0.4418,0.0001,0.4417
1402, E ,0.000637,0.6642,0.0001,0.6641
1403, D ,0.000592,0.6319,0.0001,0.6318
1404, L ,0.222942,0.4464,0.0001,0.4464
1405, N ,0.001888,0.5197,0.0002,0.5195
1406, V ,0.512418,0.3595,0,0.3594
1407, V ,0.134767,0.3605,0,0.3605
1408, D ,0.000408,0.5931,0.0001,0.5929
1409, S ,0.263246,0.4442,0.0001,0.4441
1410, I ,0.573135,0.2631,0.0118,0.2513
1411, N ,0.002038,0.6266,0.0003,0.6264
1412, G ,0.011114,0.5297,0.0002,0.5295
1413, A ,0.509669,0.4504,0.0089,0.4414
1414, G ,0.353462,0.4225,0.0007,0.4218
1415, S ,0.000969,0.4085,0.0002,0.4082
1416, W ,0.641756,0.4734,0.2963,0.1771
1417, L ,0.883068,0.2975,0.1374,0.1601
1418, V ,0.209061,0.4248,0.0055,0.4193
1419, A ,0.000503,0.5549,0.0002,0.5547
1420, N ,0.500328,0.4556,0.1968,0.2588
1421, Q ,0.420768,0.4747,0.094,0.3808
1422, A ,0.000983,0.5099,0.0002,0.5097
1423, L ,0.447581,0.4018,0.0442,0.3575
1424, L ,0.982812,0.3767,0.2427,0.134
1425, L ,0.804827,0.4475,0.2276,0.2198
1426, S ,0.067372,0.4596,0.013,0.4465
1427, Y ,0.927887,0.4331,0.2501,0.1829
1428, A ,0.980506,0.3817,0.273,0.1087
1429, V ,0.88469,0.373,0.2067,0.1663
1430, N ,0.146133,0.4034,0.091,0.3124
1431, I ,0.988629,0.368,0.2997,0.0683
1432, V ,0.990423,0.4275,0.3884,0.0392
1433, A ,0.738786,0.2946,0.1406,0.154
1434, A ,0.373663,0.1747,0.0647,0.11
1435, L ,0.990482,0.4314,0.4045,0.0269
1436, A ,0.988401,0.3771,0.2975,0.0796
1437, I ,0.72107,0.2778,0.2088,0.069
1438, I ,0.956858,0.2402,0.1533,0.0869
1439, I ,0.989387,0.4018,0.3642,0.0376
1440, V ,0.990175,0.417,0.3872,0.0298
1441, G ,0.508694,0.179,0.0849,0.0942
1442, L ,0.925097,0.3395,0.2389,0.1005
1443, I ,0.977431,0.4024,0.3388,0.0636
1444, I ,0.990053,0.4205,0.3836,0.0369
1445, A ,0.313716,0.1522,0.0617,0.0905
1446, R ,0.14765,0.3954,0.054,0.3414
1447, M ,0.91225,0.4374,0.3149,0.1226
1448, I ,0.989491,0.4392,0.3995,0.0397
1449, S ,0.057154,0.2165,0.0465,0.17
1450, N ,0.047357,0.4111,0.0161,0.395
1451, A ,0.832967,0.4742,0.2963,0.1779
1452, V ,0.948939,0.4169,0.3264,0.0905
1453, N ,0.000379,0.3562,0.0016,0.3545
1454, R ,0.026283,0.4751,0.0259,0.4492
1455, L ,0.8879,0.4853,0.3297,0.1557
1456, M ,0.494637,0.38,0.182,0.198
1457, I ,0.000658,0.3606,0.0056,0.355
1458, S ,0.018297,0.5827,0.0013,0.5814
1459, R ,0.244248,0.6388,0.0115,0.6273
1460, K ,0.000589,0.6928,0.0004,0.6925
1461, I ,0.447259,0.2519,0.0505,0.2014
1462, D ,0.000218,0.4683,0.0001,0.4682
1463, A ,0.000299,0.4529,0.0001,0.4529
1464, T ,0.001569,0.4767,0.0548,0.4219
1465, V ,0.521671,0.4164,0.2507,0.1657
1466, A ,0.001117,0.2031,0.0085,0.1946
1467, D ,0.000508,0.444,0.0001,0.444
1468, F ,0.714046,0.4522,0.3707,0.0814
1469, L ,0.981584,0.4361,0.3977,0.0384
1470, S ,0.08335,0.2045,0.0338,0.1707
1471, A ,0.029599,0.1359,0.0069,0.1291
1472, L ,0.987331,0.4521,0.4313,0.0208
1473, V ,0.9801,0.4147,0.379,0.0358
1474, R ,0.167498,0.2006,0.0177,0.1829
1475, Y ,0.967515,0.3434,0.2608,0.0826
1476, G ,0.977302,0.4334,0.3844,0.049
1477, I ,0.893052,0.3075,0.244,0.0634
1478, I ,0.84325,0.1733,0.0827,0.0906
1479, A ,0.927068,0.2432,0.1277,0.1155
1480, F ,0.974219,0.4554,0.4276,0.0278
1481, T ,0.513865,0.244,0.1375,0.1065
1482, L ,0.98446,0.2645,0.1851,0.0794
1483, I ,0.809081,0.2355,0.1338,0.1017
1484, A ,0.203562,0.2843,0.0764,0.2078
1485, A ,0.33307,0.1237,0.0411,0.0826
1486, L ,0.857747,0.3159,0.2149,0.101
1487, G ,0.001597,0.314,0.0013,0.3127
1488, R ,0.000521,0.4876,0.0003,0.4873
1489, V ,0.476977,0.3838,0.1578,0.226
1490, G ,0.027864,0.4533,0.0086,0.4447
1491, V ,0.466778,0.1923,0.0163,0.1761
1492, Q ,0.00056,0.4273,0.0001,0.4272
1493, T ,0.063346,0.1269,0.0098,0.1171
1494, A ,0.00113,0.3325,0.0032,0.3293
1495, S ,0.117297,0.3246,0.1043,0.2203
1496, V ,0.525445,0.1885,0.0769,0.1116
1497, I ,0.474888,0.1141,0.032,0.0821
1498, A ,0.065323,0.3322,0.0991,0.2331
1499, V ,0.456496,0.2731,0.1456,0.1275
1500, L ,0.641121,0.2622,0.1504,0.1118
1501, G ,0.202813,0.1962,0.0267,0.1694
1502, A ,0.01655,0.3193,0.1094,0.2099
1503, A ,0.492155,0.2544,0.1031,0.1513
1504, G ,0.301931,0.1725,0.0061,0.1664
1505, L ,0.130591,0.2104,0.0936,0.1168
1506, A ,0.010641,0.2344,0.0408,0.1936
1507, V ,0.828756,0.2177,0.0916,0.1261
1508, G ,0.112484,0.1133,0.0021,0.1112
1509, L ,0.000843,0.1599,0.0202,0.1398
1510, A ,0.000001,0.1753,0.0006,0.1747
1511, L ,0.474946,0.2215,0.0977,0.1238
1512, Q ,0.000437,0.2873,0.0015,0.2858
1513, G ,0.000194,0.4667,0.0001,0.4666
1514, S ,0.000004,0.1844,0.0105,0.1739
1515, L ,0.452943,0.2528,0.1234,0.1294
1516, S ,0.000013,0.2098,0,0.2098
1517, N ,0,0.2639,0,0.2639
1518, L ,0.565486,0.2616,0.1279,0.1337
1519, A ,0.227213,0.1729,0.0498,0.1231
1520, A ,0.000001,0.117,0,0.117
1521, G ,0.000492,0.0699,0.0007,0.0692
1522, V ,0.843033,0.4111,0.307,0.1041
1523, L ,0.390468,0.1802,0.0723,0.1079
1524, L ,0,0.0627,0.0005,0.0622
1525, V ,0.231728,0.2167,0.0384,0.1784
1526, M ,0.785831,0.4051,0.2617,0.1434
1527, F ,0.090307,0.2398,0.0441,0.1956
1528, R ,0.000006,0.3297,0,0.3297
1529, P ,0.005348,0.2155,0.0006,0.2149
1530, F ,0.000021,0.0049,0,0.0049
1531, R ,0.000012,0.3642,0,0.3642
1532, A ,0.000001,0.2874,0,0.2874
1533, G ,0.000133,0.3007,0,0.3007
1534, E ,0,0.2487,0,0.2487
1535, Y ,0.000007,0.317,0,0.317
1536, V ,0,0.0017,0,0.0017
1537, D ,0.000006,0.2687,0,0.2687
1538, L ,0,0.0043,0,0.0043
1539, G ,0.000234,0.2157,0,0.2157
1540, G ,0.000387,0.4514,0,0.4514
1541, V ,0.000002,0.1309,0,0.1309
1542, A ,0.000003,0.2472,0,0.2472
1543, G ,0,0.0084,0,0.0084
1544, T ,0.000013,0.2519,0,0.2519
1545, V ,0,0.0034,0,0.0034
1546, L ,0.000017,0.2868,0,0.2868
1547, S ,0.000002,0.2688,0,0.2688
1548, V ,0.000001,0.0514,0,0.0514
1549, Q ,0.000011,0.2348,0,0.2348
1550, I ,0.029171,0.1338,0,0.1338
1551, F ,0.18242,0.1277,0.0004,0.1273
1552, S ,0.000001,0.0975,0,0.0975
1553, T ,0,0.0033,0,0.0033
1554, T ,0.000001,0.1408,0,0.1408
1555, M ,0,0.0015,0,0.0015
1556, R ,0.000005,0.2437,0,0.2437
1557, T ,0,0.0219,0,0.0219
1558, A ,0.000059,0.3374,0,0.3374
1559, D ,0.000088,0.5255,0.0001,0.5255
1560, G ,0.000007,0.4389,0,0.4389
1561, K ,0.000001,0.4197,0,0.4197
1562, I ,0.000002,0.2642,0,0.2642
1563, I ,0,0.0038,0,0.0038
1564, V ,0.000002,0.2231,0,0.2231
1565, I ,0,0.0025,0,0.0025
1566, P ,0.000004,0.1665,0,0.1665
1567, N ,0,0.0321,0,0.0321
1568, G ,0.000002,0.2824,0,0.2824
1569, K ,0.000247,0.3733,0,0.3733
1570, I ,0,0.0046,0,0.0046
1571, I ,0.000002,0.1758,0,0.1758
1572, A ,0.000179,0.5707,0.0001,0.5706
1573, G ,0.000005,0.4052,0,0.4052
1574, N ,0.000023,0.3823,0,0.3823
1575, I ,0,0.0383,0,0.0383
1576, I ,0.000003,0.1881,0,0.1881
1577, N ,0,0.078,0,0.078
1578, F ,0.000002,0.1102,0,0.1102
1579, S ,0.000001,0.1768,0,0.1768
1580, R ,0.000081,0.4489,0,0.4489
1581, E ,0.000009,0.4684,0,0.4684
1582, P ,0.000231,0.4236,0,0.4236
1583, V ,0.000002,0.2593,0,0.2593
1584, R ,0,0.1466,0,0.1466
1585, R ,0,0.1634,0,0.1634
1586, N ,0,0.0598,0,0.0598
1587, E ,0.000001,0.1264,0,0.1264
1588, F ,0,0.0017,0,0.0017
1589, I ,0.000006,0.1097,0,0.1097
1590, I ,0,0.0011,0,0.0011
1591, G ,0.000001,0.0319,0,0.0319
1592, V ,0,0.0014,0,0.0014
1593, A ,0.000001,0.1366,0,0.1366
1594, Y ,0.000018,0.1759,0,0.1759
1595, D ,0.000336,0.5466,0.0001,0.5465
1596, S ,0.000001,0.0816,0,0.0816
1597, D ,0.000126,0.4546,0,0.4546
1598, I ,0,0.1574,0,0.1574
1599, D ,0.00025,0.5578,0.0001,0.5577
1600, Q ,0.000222,0.4462,0,0.4462
1601, V ,0,0.0015,0,0.0015
1602, K ,0.000001,0.2728,0,0.2728
1603, Q ,0.000381,0.5961,0.0001,0.596
1604, I ,0.000009,0.1464,0,0.1464
1605, L ,0,0.0012,0,0.0012
1606, T ,0.000005,0.3054,0,0.3054
1607, N ,0.000438,0.5262,0.0002,0.5261
1608, I ,0.000001,0.0065,0,0.0065
1609, I ,0,0.0039,0,0.0039
1610, Q ,0.000304,0.5489,0.0001,0.5488
1611, S ,0.000277,0.6353,0.0001,0.6351
1612, E ,0.000001,0.1041,0,0.1041
1613, D ,0.000508,0.7607,0.0003,0.7604
1614, R ,0.000139,0.3383,0,0.3383
1615, I ,0,0.0063,0,0.0063
1616, L ,0.000007,0.3044,0,0.3044
1617, K ,0.000263,0.4903,0.0001,0.4902
1618, D ,0.000217,0.5123,0.0001,0.5123
1619, R ,0.000029,0.3349,0,0.3349
1620, E ,0.000239,0.3658,0,0.3658
1621, M ,0.000002,0.1478,0,0.1478
1622, T ,0.000005,0.2613,0,0.2613
1623, V ,0,0.0122,0,0.0122
1624, R ,0.000001,0.3119,0,0.3119
1625, L ,0,0.0987,0,0.0987
1626, N ,0.000008,0.3478,0,0.3478
1627, E ,0.000024,0.3752,0,0.3752
1628, L ,0,0.0959,0,0.0959
1629, G ,0.000001,0.2059,0,0.2059
1630, A ,0.000214,0.571,0.0001,0.5709
1631, S ,0.000001,0.3039,0,0.3039
1632, S ,0,0.0266,0,0.0266
1633, I ,0,0.0033,0,0.0033
1634, N ,0.000001,0.1763,0,0.1763
1635, F ,0.000001,0.0019,0,0.0019
1636, V ,0,0.0279,0,0.0279
1637, V ,0,0.0018,0,0.0018
1638, R ,0,0.1221,0,0.1221
1639, V ,0,0.0019,0,0.0019
1640, W ,0.000001,0.0327,0,0.0327
1641, S ,0,0.0035,0,0.0035
1642, N ,0.000047,0.4307,0,0.4307
1643, S ,0.000004,0.2257,0,0.2257
1644, G ,0.000222,0.3256,0,0.3256
1645, D ,0.000002,0.3723,0,0.3723
1646, L ,0.000001,0.198,0,0.198
1647, Q ,0.000298,0.4489,0,0.4488
1648, N ,0.000164,0.4507,0,0.4506
1649, V ,0,0.0026,0,0.0026
1650, Y ,0.000001,0.0956,0,0.0956
1651, W ,0.000002,0.2486,0,0.2486
1652, D ,0.000001,0.2538,0,0.2538
1653, V ,0,0.0012,0,0.0012
1654, L ,0,0.075,0,0.075
1655, E ,0.000001,0.3114,0,0.3114
1656, R ,0.000013,0.2615,0,0.2615
1657, I ,0,0.0011,0,0.0011
1658, K ,0.000001,0.1749,0,0.1749
1659, R ,0.000172,0.5099,0.0001,0.5098
1660, E ,0.000005,0.2221,0,0.2221
1661, F ,0,0.0026,0,0.0026
1662, D ,0.000163,0.4208,0,0.4208
1663, A ,0.000248,0.7197,0.0002,0.7195
1664, A ,0.000007,0.3149,0,0.3149
1665, G ,0.000312,0.6265,0.0001,0.6264
1666, I ,0.000001,0.0228,0,0.0228
1667, S ,0.000274,0.5017,0.0001,0.5016
1668, F ,0.000003,0.0445,0,0.0445
1669, P ,0.000013,0.3652,0,0.3652
1670, Y ,0.000003,0.3627,0,0.3627
1671, P ,0.000176,0.2214,0,0.2214
1672, Q ,0.000004,0.3595,0,0.3594
1673, M ,0.000018,0.184,0,0.184
1674, D ,0.000007,0.4094,0,0.4094
1675, V ,0.000001,0.0696,0,0.0696
1676, N ,0.000037,0.3616,0,0.3616
1677, F ,0.000059,0.1995,0,0.1995
1678, K ,0.000165,0.4364,0,0.4364
1679, R ,0.00023,0.4774,0,0.4773
1680, V ,0.000166,0.3576,0,0.3576
1681, M ,0.044782,0.4732,0.0001,0.473
1682, E ,0.000637,0.6778,0.0001,0.6777
1683, D ,0.000592,0.6467,0.0001,0.6466
1684, L ,0.222942,0.4689,0.0001,0.4688
1685, N ,0.001888,0.5315,0.0002,0.5313
1686, V ,0.512418,0.4047,0.0001,0.4046
1687, V ,0.134767,0.395,0.0001,0.3949
1688, D ,0.000408,0.6026,0.0001,0.6025
1689, S ,0.263246,0.4519,0.0001,0.4518
1690, I ,0.573135,0.3173,0.0244,0.293
1691, N ,0.002038,0.6526,0.0003,0.6523
1692, G ,0.011114,0.5561,0.0002,0.5559
1693, A ,0.509669,0.4689,0.0066,0.4623
1694, G ,0.353462,0.4412,0.001,0.4402
1695, S ,0.000969,0.4232,0.0005,0.4227
1696, W ,0.641756,0.4766,0.2822,0.1944
1697, L ,0.883068,0.316,0.1473,0.1686
1698, V ,0.209061,0.4395,0.009,0.4305
1699, A ,0.000503,0.5757,0.0002,0.5755
1700, N ,0.500328,0.4621,0.205,0.2571
1701, Q ,0.420768,0.481,0.1058,0.3752
1702, A ,0.000983,0.5245,0.0002,0.5243
1703, L ,0.447581,0.4147,0.0533,0.3614
1704, L ,0.982812,0.4041,0.2832,0.1208
1705, L ,0.804827,0.4697,0.2563,0.2134
1706, S ,0.067372,0.469,0.0258,0.4432
1707, Y ,0.927887,0.4483,0.2794,0.1688
1708, A ,0.980506,0.4122,0.3246,0.0876
1709, V ,0.88469,0.4068,0.2708,0.136
1710, N ,0.146133,0.3996,0.122,0.2776
1711, I ,0.988629,0.3795,0.3235,0.056
1712, V ,0.990423,0.4497,0.4293,0.0204
1713, A ,0.738786,0.3262,0.1907,0.1355
1714, A ,0.373663,0.1693,0.068,0.1012
1715, L ,0.990482,0.4438,0.4279,0.0158
1716, A ,0.988401,0.431,0.3836,0.0474
1717, I ,0.72107,0.2899,0.2359,0.054
1718, I ,0.956858,0.2465,0.169,0.0775
1719, I ,0.989387,0.4437,0.4264,0.0173
1720, V ,0.990175,0.4445,0.4303,0.0142
1721, G ,0.508694,0.1785,0.0903,0.0882
1722, L ,0.925097,0.3742,0.298,0.0761
1723, I ,0.977431,0.4503,0.4152,0.0351
1724, I ,0.990053,0.4448,0.4251,0.0197
1725, A ,0.313716,0.1539,0.0646,0.0893
1726, R ,0.14765,0.4154,0.0843,0.3312
1727, M ,0.91225,0.4653,0.3654,0.0998
1728, I ,0.989491,0.4534,0.4284,0.025
1729, S ,0.057154,0.2153,0.0527,0.1626
1730, N ,0.047357,0.4294,0.0277,0.4017
1731, A ,0.832967,0.4879,0.3416,0.1463
1732, V ,0.948939,0.4351,0.362,0.0731
1733, N ,0.000379,0.3584,0.0016,0.3568
1734, R ,0.026283,0.4836,0.039,0.4446
1735, L ,0.8879,0.5011,0.3718,0.1293
1736, M ,0.494637,0.3809,0.1884,0.1925
1737, I ,0.000658,0.3632,0.0044,0.3587
1738, S ,0.018297,0.5915,0.0099,0.5816
1739, R ,0.244248,0.648,0.0559,0.5921
1740, K ,0.000589,0.7001,0.0004,0.6998
1741, I ,0.447259,0.2738,0.0678,0.2059
1742, D ,0.000218,0.4647,0.0002,0.4645
1743, A ,0.000299,0.4416,0,0.4416
1744, T ,0.001569,0.4688,0.0505,0.4183
1745, V ,0.521671,0.4495,0.2989,0.1506
1746, A ,0.001117,0.2295,0.0215,0.208
1747, D ,0.000508,0.45,0.0001,0.4499
1748, F ,0.714046,0.4574,0.3843,0.0731
1749, L ,0.981584,0.4573,0.4335,0.0239
1750, S ,0.08335,0.2306,0.0617,0.1689
1751, A ,0.029599,0.1383,0.006,0.1323
1752, L ,0.987331,0.4552,0.439,0.0162
1753, V ,0.9801,0.4452,0.4279,0.0174
1754, R ,0.167498,0.2012,0.03,0.1712
1755, Y ,0.967515,0.3262,0.2482,0.078
1756, G ,0.977302,0.4547,0.4224,0.0324
1757, I ,0.893052,0.3394,0.2962,0.0432
1758, I ,0.84325,0.1854,0.0949,0.0905
1759, A ,0.927068,0.241,0.1348,0.1062
1760, F ,0.974219,0.4619,0.4429,0.019
1761, T ,0.513865,0.2556,0.1603,0.0953
1762, L ,0.98446,0.2769,0.2073,0.0696
1763, I ,0.809081,0.2575,0.1674,0.0901
1764, A ,0.203562,0.3163,0.1093,0.207
1765, A ,0.33307,0.136,0.0517,0.0844
1766, L ,0.857747,0.3409,0.257,0.0839
1767, G ,0.001597,0.316,0.0036,0.3124
1768, R ,0.000521,0.4828,0.0005,0.4824
1769, V ,0.476977,0.3817,0.1683,0.2134
1770, G ,0.027864,0.4354,0.0169,0.4185
1771, V ,0.466778,0.1691,0.0159,0.1532
1772, Q ,0.00056,0.4086,0.0003,0.4083
1773, T ,0.063346,0.1379,0.02,0.1179
1774, A ,0.00113,0.2847,0.0021,0.2826
1775, S ,0.117297,0.3013,0.0875,0.2138
1776, V ,0.525445,0.2058,0.0879,0.1179
1777, I ,0.474888,0.1231,0.0399,0.0832
1778, A ,0.065323,0.3122,0.0849,0.2272
1779, V ,0.456496,0.266,0.1414,0.1245
1780, L ,0.641121,0.2617,0.1523,0.1094
1781, G ,0.202813,0.1949,0.0239,0.1711
1782, A ,0.01655,0.3008,0.0915,0.2093
1783, A ,0.492155,0.2372,0.0901,0.1471
1784, G ,0.301931,0.1908,0.0076,0.1832
1785, L ,0.130591,0.2083,0.089,0.1193
1786, A ,0.010641,0.2102,0.0202,0.19
1787, V ,0.828756,0.2363,0.1008,0.1355
1788, G ,0.112484,0.1228,0.0038,0.119
1789, L ,0.000843,0.1599,0.0135,0.1464
1790, A ,0.000001,0.1763,0.0005,0.1757
1791, L ,0.474946,0.2052,0.0904,0.1147
1792, Q ,0.000437,0.2729,0.003,0.2699
1793, G ,0.000194,0.4566,0,0.4566
1794, S ,0.000004,0.2086,0.0084,0.2002
1795, L ,0.452943,0.2392,0.1112,0.128
1796, S ,0.000013,0.2117,0,0.2117
1797, N ,0,0.2553,0,0.2553
1798, L ,0.565486,0.2611,0.1277,0.1334
1799, A ,0.227213,0.1668,0.0513,0.1155
1800, A ,0.000001,0.1062,0,0.1062
1801, G ,0.000492,0.0583,0.0005,0.0578
1802, V ,0.843033,0.4176,0.326,0.0916
1803, L ,0.390468,0.1848,0.0791,0.1056
1804, L ,0,0.0335,0,0.0334
1805, V ,0.231728,0.2053,0.0296,0.1758
1806, M ,0.785831,0.4411,0.3356,0.1055
1807, F ,0.090307,0.2413,0.0739,0.1675
1808, R ,0.000006,0.3056,0,0.3056
1809, P ,0.005348,0.1946,0.0012,0.1934
1810, F ,0.000021,0.0065,0,0.0065
1811, R ,0.000012,0.3416,0,0.3416
1812, A ,0.000001,0.3032,0,0.3032
1813, G ,0.000133,0.3008,0,0.3008
1814, E ,0,0.2309,0,0.2309
1815, Y ,0.000007,0.3089,0,0.3089
1816, V ,0,0.0017,0,0.0017
1817, D ,0.000006,0.2539,0,0.2539
1818, L ,0,0.004,0,0.004
1819, G ,0.000234,0.2148,0,0.2148
1820, G ,0.000387,0.4918,0.0001,0.4917
1821, V ,0.000002,0.1253,0,0.1253
1822, A ,0.000003,0.2465,0,0.2465
1823, G ,0,0.0072,0,0.0072
1824, T ,0.000013,0.2602,0,0.2602
1825, V ,0,0.0035,0,0.0035
1826, L ,0.000017,0.2723,0,0.2723
1827, S ,0.000002,0.2675,0,0.2675
1828, V ,0.000001,0.0411,0,0.0411
1829, Q ,0.000011,0.2218,0,0.2218
1830, I ,0.029171,0.1081,0,0.1081
1831, F ,0.18242,0.0959,0,0.0959
1832, S ,0.000001,0.1138,0,0.1138
1833, T ,0,0.0037,0,0.0037
1834, T ,0.000001,0.1395,0,0.1395
1835, M ,0,0.0014,0,0.0014
1836, R ,0.000005,0.2305,0,0.2305
1837, T ,0,0.0164,0,0.0164
1838, A ,0.000059,0.2974,0,0.2974
1839, D ,0.000088,0.4563,0,0.4563
1840, G ,0.000007,0.4274,0,0.4274
1841, K ,0.000001,0.3954,0,0.3954
1842, I ,0.000002,0.2499,0,0.2499
1843, I ,0,0.0041,0,0.0041
1844, V ,0.000002,0.2102,0,0.2102
1845, I ,0,0.0023,0,0.0023
1846, P ,0.000004,0.1713,0,0.1713
1847, N ,0,0.0256,0,0.0256
1848, G ,0.000002,0.2785,0,0.2785
1849, K ,0.000247,0.3864,0,0.3864
1850, I ,0,0.0049,0,0.0049
1851, I ,0.000002,0.1588,0,0.1588
1852, A ,0.000179,0.5894,0.0001,0.5893
1853, G ,0.000005,0.4076,0,0.4076
1854, N ,0.000023,0.4203,0,0.4203
1855, I ,0,0.0379,0,0.0379
1856, I ,0.000003,0.183,0,0.183
1857, N ,0,0.0518,0,0.0518
1858, F ,0.000002,0.1082,0,0.1082
1859, S ,0.000001,0.149,0,0.149
1860, R ,0.000081,0.4622,0,0.4622
1861, E ,0.000009,0.4848,0,0.4847
1862, P ,0.000231,0.4453,0,0.4453
1863, V ,0.000002,0.2564,0,0.2564
1864, R ,0,0.1158,0,0.1158
1865, R ,0,0.1677,0,0.1677
1866, N ,0,0.0614,0,0.0614
1867, E ,0.000001,0.1276,0,0.1276
1868, F ,0,0.0025,0,0.0025
1869, I ,0.000006,0.1286,0,0.1286
1870, I ,0,0.0011,0,0.0011
1871, G ,0.000001,0.0432,0,0.0432
1872, V ,0,0.0015,0,0.0015
1873, A ,0.000001,0.156,0,0.156
1874, Y ,0.000018,0.2218,0,0.2218
1875, D ,0.000336,0.5429,0.0001,0.5428
1876, S ,0.000001,0.0853,0,0.0853
1877, D ,0.000126,0.4461,0,0.4461
1878, I ,0,0.1411,0,0.1411
1879, D ,0.00025,0.5269,0.0001,0.5268
1880, Q ,0.000222,0.4418,0,0.4418
1881, V ,0,0.0015,0,0.0015
1882, K ,0.000001,0.2633,0,0.2633
1883, Q ,0.000381,0.5964,0.0001,0.5963
1884, I ,0.000009,0.1373,0,0.1373
1885, L ,0,0.0011,0,0.0011
1886, T ,0.000005,0.3102,0,0.3102
1887, N ,0.000438,0.5251,0.0002,0.5249
1888, I ,0.000001,0.005,0,0.005
1889, I ,0,0.0067,0,0.0067
1890, Q ,0.000304,0.5704,0.0001,0.5702
1891, S ,0.000277,0.6234,0.0001,0.6233
1892, E ,0.000001,0.1071,0,0.1071
1893, D ,0.000508,0.7605,0.0003,0.7602
1894, R ,0.000139,0.3554,0,0.3554
1895, I ,0,0.0064,0,0.0064
1896, L ,0.000007,0.2991,0,0.2991
1897, K ,0.000263,0.5254,0.0001,0.5253
1898, D ,0.000217,0.4977,0.0001,0.4976
1899, R ,0.000029,0.3777,0,0.3777
1900, E ,0.000239,0.414,0,0.414
1901, M ,0.000002,0.1448,0,0.1448
1902, T ,0.000005,0.2768,0,0.2768
1903, V ,0,0.0075,0,0.0075
1904, R ,0.000001,0.2879,0,0.2879
1905, L ,0,0.0844,0,0.0844
1906, N ,0.000008,0.3294,0,0.3294
1907, E ,0.000024,0.3672,0,0.3672
1908, L ,0,0.0787,0,0.0787
1909, G ,0.000001,0.2232,0,0.2232
1910, A ,0.000214,0.6121,0.0001,0.612
1911, S ,0.000001,0.2758,0,0.2758
1912, S ,0,0.0196,0,0.0196
1913, I ,0,0.0025,0,0.0025
1914, N ,0.000001,0.2009,0,0.2009
1915, F ,0.000001,0.002,0,0.002
1916, V ,0,0.0294,0,0.0294
1917, V ,0,0.0013,0,0.0013
1918, R ,0,0.0991,0,0.0991
1919, V ,0,0.0015,0,0.0015
1920, W ,0.000001,0.0523,0.0003,0.0521
1921, S ,0,0.0024,0,0.0024
1922, N ,0.000047,0.4237,0,0.4237
1923, S ,0.000004,0.2421,0,0.2421
1924, G ,0.000222,0.314,0,0.314
1925, D ,0.000002,0.3608,0,0.3608
1926, L ,0.000001,0.166,0,0.166
1927, Q ,0.000298,0.4313,0,0.4313
1928, N ,0.000164,0.4776,0.0001,0.4775
1929, V ,0,0.0025,0,0.0025
1930, Y ,0.000001,0.1207,0,0.1207
1931, W ,0.000002,0.2254,0,0.2254
1932, D ,0.000001,0.2647,0,0.2647
1933, V ,0,0.0012,0,0.0012
1934, L ,0,0.1047,0,0.1047
1935, E ,0.000001,0.3372,0,0.3372
1936, R ,0.000013,0.2727,0,0.2727
1937, I ,0,0.0012,0,0.0012
1938, K ,0.000001,0.1541,0,0.1541
1939, R ,0.000172,0.5077,0.0001,0.5076
1940, E ,0.000005,0.1912,0,0.1912
1941, F ,0,0.0021,0,0.0021
1942, D ,0.000163,0.418,0,0.418
1943, A ,0.000248,0.7339,0.0002,0.7337
1944, A ,0.000007,0.3325,0,0.3325
1945, G ,0.000312,0.6428,0.0001,0.6427
1946, I ,0.000001,0.0303,0,0.0303
1947, S ,0.000274,0.5236,0.0001,0.5235
1948, F ,0.000003,0.0762,0,0.0762
1949, P ,0.000013,0.3469,0,0.3469
1950, Y ,0.000003,0.3491,0,0.3491
1951, P ,0.000176,0.2303,0,0.2303
1952, Q ,0.000004,0.3488,0,0.3488
1953, M ,0.000018,0.2039,0,0.2039
1954, D ,0.000007,0.4322,0,0.4321
1955, V ,0.000001,0.078,0,0.078
1956, N ,0.000037,0.4392,0,0.4391
1957, F ,0.000059,0.2712,0,0.2712
1958, K ,0.000165,0.4948,0.0001,0.4947
1959, R ,0.00023,0.537,0.0001,0.5369
1960, V ,0.000166,0.4923,0.0001,0.4922
